date,direct_burn,direct_burn_kbd,temp_mean_mean,temp_mean_max,temp_mean_std,temp_max_mean,temp_max_max,temp_min_mean,temp_min_min,temp_range_mean,temp_range_max,extreme_heat_sum,very_hot_sum,hot_sum,cooling_degree_days_24_sum,humidity_mean_mean,precipitation_sum,heat_index_mean,heat_index_max,temp_mean_mean_ma3,cooling_degree_days_24_sum_ma3,temp_mean_mean_ma6,cooling_degree_days_24_sum_ma6,temp_mean_lag1,temp_mean_lag2,temp_mean_lag12,month,quarter,month_sin,month_cos,direct_burn_lag1,direct_burn_lag2,direct_burn_lag3,direct_burn_lag12,direct_burn_ma3,direct_burn_ma6,direct_burn_ma12,is_summer,summer_heat,humidity_heat
2010-01-01,292000,292.0,19.243279569892472,23.28333333333333,1.49906053814152,24.92311827956989,29.46666666666667,13.309139784946238,10.808333333333334,11.613978494623655,14.16666666666667,0,0,0,0.0,48.67741935483871,0.08333333333333334,19.735142233734038,26.15328207156665,19.243279569892472,0.0,19.243279569892472,0.0,,,,1,1,0.49999999999999994,0.8660254037844387,,,,,292.0,292.0,292.0,0,0.0,9.367131893860563
2010-02-01,278000,278.0,21.626785714285713,24.51666666666667,3.0739466370920625,27.292559523809526,31.433333333333334,15.335714285714287,6.750000000000002,11.956845238095239,15.524999999999999,0,0,0,1.9916666666666742,43.99702380952381,2.5833333333333335,22.52351649249238,27.168387397537064,20.43503264208909,0.9958333333333371,20.43503264208909,0.9958333333333371,19.243279569892472,,,2,1,0.8660254037844386,0.5000000000000001,292.0,,,,285.0,285.0,285.0,0,0.0,9.515142059948978
2010-03-01,300000,300.0,24.626612903225805,27.825000000000003,2.0199278261707945,30.468548387096774,34.63333333333333,18.02715053763441,13.733333333333334,12.441397849462366,15.324999999999992,0,0,0,37.45,36.92741935483871,0.36666666666666664,25.401950880749865,28.78416247118356,21.832226062467996,13.147222222222226,21.832226062467996,13.147222222222226,21.626785714285713,19.243279569892472,,3,1,1.0,6.123233995736766e-17,278.0,292.0,,,290.0,290.0,290.0,0,0.0,9.093972619667014
2010-04-01,477000,477.0,28.003611111111113,31.891666666666666,1.7844336536391898,33.18916666666667,36.84166666666666,22.234166666666667,16.816666666666666,10.955000000000002,14.00833333333333,0,0,0,120.10833333333333,42.75277777777777,4.608333333333333,31.415282350944274,36.255673833990826,24.752336576207544,53.18333333333334,23.375072324628775,39.8875,24.626612903225805,21.626785714285713,,4,2,0.8660254037844387,-0.4999999999999998,300.0,278.0,292.0,,351.6666666666667,336.75,336.75,0,0.0,11.97232162808642
2010-05-01,588000,588.0,30.82150537634409,34.041666666666664,2.5483262246408636,36.29247311827957,39.85,24.550806451612903,19.591666666666665,11.741666666666667,14.7,0,0,0,211.46666666666664,40.005376344086024,8.283333333333333,34.928359582328376,37.89512925194146,27.817243130227002,123.00833333333333,24.86435893497184,74.20333333333333,28.003611111111113,24.626612903225805,,5,2,0.49999999999999994,-0.8660254037844387,477.0,300.0,278.0,,455.0,387.0,387.0,0,0.0,12.33025922071916
2010-06-01,684000,684.0,33.864444444444445,36.35000000000001,1.5778685689705259,39.62555555555556,43.05,26.983333333333334,24.175,12.642222222222221,14.158333333333328,0,2,11,295.93333333333334,31.50277777777778,0.0,37.48712164562217,39.83296238412702,30.896520310633218,209.16944444444445,26.36437318655061,111.15833333333335,30.82150537634409,28.003611111111113,,6,2,1.2246467991473532e-16,-1.0,588.0,477.0,300.0,,583.0,436.5,436.5,1,33.864444444444445,10.668240679012348
2010-07-01,674000,674.0,34.611827956989245,36.358333333333334,1.0208152474442065,39.991397849462366,41.96666666666667,28.173655913978493,25.883333333333336,11.817741935483872,14.066666666666666,0,0,14,328.9666666666667,34.56720430107527,0.0,39.65779477518502,43.601708952058544,33.09925925925926,278.7888888888889,28.9257979177334,165.98611111111111,33.864444444444445,30.82150537634409,,7,3,-0.4999999999999997,-0.8660254037844388,684.0,588.0,477.0,,648.6666666666666,500.1666666666667,470.42857142857144,1,34.611827956989245,11.964341282229158
2010-08-01,911000,911.0,35.07634408602151,35.93333333333334,0.3949571986550132,40.259139784946235,40.94166666666666,28.581989247311828,26.991666666666667,11.67715053763441,13.30833333333333,0,0,21,343.3666666666667,36.766129032258064,0.0,41.067903138445374,42.42918261410765,34.51753882915173,322.7555555555556,31.167390979689362,222.88194444444446,34.611827956989245,33.864444444444445,,8,3,-0.8660254037844385,-0.5000000000000004,674.0,684.0,588.0,,756.3333333333334,605.6666666666666,525.5,1,35.07634408602151,12.896213926465489
2010-09-01,722000,722.0,32.21333333333333,34.61666666666667,1.193780979417882,37.64555555555556,39.96666666666666,25.89,23.941666666666666,11.755555555555556,13.025000000000002,0,0,0,246.4,38.427777777777784,0.0,36.926544208209656,40.59596333825479,33.967168458781366,306.24444444444447,32.43184438470728,257.70694444444445,35.07634408602151,34.611827956989245,,9,3,-1.0,-1.8369701987210297e-16,911.0,674.0,684.0,,769.0,676.0,547.3333333333334,1,32.21333333333333,12.378868148148149
2010-10-01,617000,617.0,29.017473118279568,31.25,1.6816236571401129,34.84704301075269,37.38333333333333,22.470161290322583,19.8,12.376881720430108,15.108333333333334,0,0,0,155.54166666666666,40.0752688172043,0.5416666666666667,32.38345315405858,36.00705963853227,32.1023835125448,248.43611111111113,32.60082138590203,263.6125,32.21333333333333,35.07634408602151,,10,4,-0.8660254037844386,0.5000000000000001,722.0,911.0,674.0,,750.0,699.3333333333334,554.3,0,0.0,11.628830356110532
2010-11-01,440000,440.0,23.044444444444444,26.95,1.848533297296343,28.475833333333334,32.34166666666667,17.071944444444444,13.675,11.40388888888889,13.425,0,0,0,10.83333333333334,42.025,0.7916666666666667,24.112452249596384,28.953689712581635,28.09175029868578,137.59166666666667,31.304644563918753,230.17361111111111,29.017473118279568,32.21333333333333,,11,4,-0.5000000000000004,0.8660254037844384,617.0,722.0,911.0,,593.0,674.6666666666666,543.9090909090909,0,0.0,9.684427777777778
2010-12-01,337000,337.0,19.430913978494623,21.475,1.3357637459319796,25.021774193548385,27.433333333333337,13.781989247311829,9.775,11.23978494623656,14.091666666666672,0,0,0,0.0,44.446236559139784,15.200000000000001,19.44438005983848,23.286141061593014,23.830943847072877,55.458333333333336,28.89905615292712,180.8513888888889,23.044444444444444,29.017473118279568,,12,4,-2.4492935982947064e-16,1.0,440.0,617.0,722.0,,464.6666666666667,616.8333333333334,526.6666666666666,0,0.0,8.63630999248468
2011-01-01,338000,338.0,17.653494623655913,20.641666666666666,1.8180241795869296,21.868817204301077,25.941666666666663,13.533602150537636,10.475000000000001,8.33521505376344,11.066666666666663,0,0,0,0.0,62.43817204301075,30.16666666666667,19.13003310106736,25.2685792829303,20.04295101553166,3.611111111111113,26.07266726403823,126.02361111111112,19.430913978494623,23.044444444444444,19.243279569892472,1,1,0.49999999999999994,0.8660254037844387,337.0,440.0,617.0,292.0,371.6666666666667,560.8333333333334,530.5,0,0.0,11.022519344721932
2011-02-01,400000,400.0,20.151190476190475,25.758333333333333,2.7730633273546244,25.682440476190475,31.474999999999998,14.488095238095239,9.941666666666666,11.194345238095238,13.641666666666666,0,0,0,3.383333333333333,48.49702380952381,1.6333333333333333,20.95118106117828,27.857726806367456,19.07853302611367,1.1277777777777775,23.585141662399725,69.35972222222223,17.653494623655913,19.430913978494623,21.626785714285713,2,1,0.8660254037844386,0.5000000000000001,338.0,337.0,440.0,278.0,358.3333333333333,475.6666666666667,540.6666666666666,0,0.0,9.77272764314059
2011-03-01,260000,260.0,21.863978494623655,26.174999999999997,2.1394902333923764,27.252150537634407,32.35,16.211290322580645,12.641666666666667,11.040860215053764,15.183333333333337,0,0,0,5.4333333333333265,43.62365591397849,11.066666666666666,22.660034826534382,27.2236203085681,19.889554531490017,2.9388888888888864,21.860249189281447,29.19861111111111,20.151190476190475,17.653494623655913,24.626612903225805,3,1,1.0,6.123233995736766e-17,400.0,338.0,337.0,300.0,332.6666666666667,398.6666666666667,537.3333333333334,0,0.0,9.537866747600878
2011-04-01,461000,461.0,26.75722222222222,30.724999999999998,2.3680188113013134,32.06888888888889,35.650000000000006,20.846944444444443,17.708333333333336,11.221944444444443,15.433333333333334,0,0,0,88.15833333333333,37.23055555555556,3.4000000000000004,28.418603654540128,34.01295942824034,22.924130397678784,32.324999999999996,21.483540706605226,17.968055555555555,21.863978494623655,20.151190476190475,28.003611111111113,4,2,0.8660254037844387,-0.4999999999999998,260.0,400.0,338.0,477.0,373.6666666666667,372.6666666666667,536.0,0,0.0,9.961862484567902
2011-05-01,696000,696.0,31.24462365591398,33.03333333333334,1.528821181661156,36.51102150537635,38.366666666666674,24.91048387096774,21.333333333333336,11.600537634408603,13.858333333333334,0,0,0,224.58333333333331,34.58870967741935,0.29166666666666663,34.44283895925924,37.454201489998276,26.62194145758662,106.05833333333332,22.85023724185014,53.593055555555544,26.75722222222222,21.863978494623655,30.82150537634409,5,2,0.49999999999999994,-0.8660254037844387,461.0,260.0,400.0,588.0,472.3333333333333,415.3333333333333,545.0,0,0.0,10.807112166146375
2011-06-01,616000,616.0,32.966388888888886,34.708333333333336,0.9570480720072672,38.595555555555556,40.266666666666666,26.115833333333335,24.591666666666665,12.479722222222223,14.38333333333333,0,0,1,268.9916666666667,32.68333333333333,0.0,36.53280541205748,39.59238075069112,30.3227449223417,193.91111111111113,25.106149726915856,98.425,31.24462365591398,26.75722222222222,33.864444444444445,6,2,1.2246467991473532e-16,-1.0,696.0,461.0,260.0,684.0,591.0,461.8333333333333,539.3333333333334,1,32.966388888888886,10.774514768518516
2011-07-01,706000,706.0,34.26424731182796,35.84166666666667,0.8927464737694103,39.71048387096774,42.141666666666666,27.608870967741936,24.925,12.101612903225806,13.966666666666665,0,1,11,318.1916666666667,32.663978494623656,0.0,38.5358750626504,41.96217438155162,32.825086618876945,270.5888888888889,27.874608508277863,151.45694444444445,32.966388888888886,31.24462365591398,34.611827956989245,7,3,-0.4999999999999997,-0.8660254037844388,616.0,696.0,461.0,674.0,672.6666666666666,523.1666666666666,542.0,1,34.26424731182796,11.192066373280149
2011-08-01,751000,751.0,34.18091397849462,35.625,0.8339836172462419,39.66747311827957,40.916666666666664,27.64569892473118,25.6,12.021774193548387,14.008333333333333,0,0,11,315.60833333333335,33.74462365591398,0.0,38.71227398423215,41.47857059108436,33.80385005973716,300.9305555555556,30.212895758661887,203.49444444444444,34.26424731182796,32.966388888888886,35.07634408602151,8,3,-0.8660254037844385,-0.5000000000000004,706.0,616.0,696.0,911.0,691.0,581.6666666666666,528.6666666666666,1,34.18091397849462,11.534220784194707
2011-09-01,732000,732.0,32.10527777777778,33.53333333333334,0.7876151114960672,37.65083333333334,39.483333333333334,25.70611111111111,23.683333333333337,11.944722222222223,13.466666666666669,0,0,0,243.15833333333333,34.711111111111116,0.0,35.76340446583425,37.678607939177795,33.51681302270012,292.31944444444446,31.919778972520906,243.11527777777778,34.18091397849462,34.26424731182796,32.21333333333333,9,3,-1.0,-1.8369701987210297e-16,751.0,706.0,616.0,722.0,729.6666666666666,660.3333333333334,529.5,1,32.10527777777778,11.144098641975312
2011-10-01,406000,406.0,27.848387096774193,31.708333333333332,1.6239746328450624,33.226612903225806,36.93333333333334,22.028225806451612,18.5,11.198387096774194,13.233333333333338,0,0,0,119.30000000000001,41.784946236559136,0.0,31.018237072026547,36.03464814773864,31.37819295101553,226.0222222222222,32.10163978494624,248.30555555555554,32.10527777777778,34.18091397849462,29.017473118279568,10,4,-0.8660254037844386,0.5000000000000001,732.0,751.0,706.0,617.0,629.6666666666666,651.1666666666666,511.9166666666667,0,0.0,11.63643357613597
2011-11-01,476000,476.0,21.64527777777778,26.450000000000003,3.335788379915772,26.75638888888889,31.69166666666667,16.494444444444447,9.541666666666668,10.261944444444445,13.475000000000001,0,0,0,9.583333333333343,48.32777777777778,15.816666666666666,23.00841938549028,29.822976218407693,27.199647550776586,124.01388888888887,30.50174880525687,212.47222222222226,27.848387096774193,32.10527777777778,23.044444444444444,11,4,-0.5000000000000004,0.8660254037844384,406.0,732.0,751.0,440.0,538.0,614.5,514.9166666666666,0,0.0,10.460681743827163
2011-12-01,424000,424.0,17.208064516129035,20.391666666666666,1.4474826229862217,23.020967741935483,26.916666666666664,11.595430107526884,8.075,11.425537634408602,13.625,0,0,0,0.0,54.29032258064516,0.0,17.574419646535674,21.98552371270827,22.23390979689367,42.9611111111111,27.875361409796895,167.64027777777778,21.64527777777778,27.848387096774193,19.430913978494623,12,4,-2.4492935982947064e-16,1.0,476.0,406.0,732.0,337.0,435.3333333333333,582.5,522.1666666666666,0,0.0,9.34231373569199
2012-01-01,334000,334.0,17.731451612903225,21.583333333333332,2.471698798844689,23.136021505376345,27.266666666666666,12.319086021505376,6.041666666666667,10.816935483870967,13.508333333333331,0,0,0,0.0,47.965053763440864,0.625,17.68602266234099,23.35113816134371,18.86159796893668,3.1944444444444287,25.119895459976103,114.60833333333335,17.208064516129035,21.64527777777778,17.653494623655913,1,1,0.49999999999999994,0.8660254037844387,424.0,476.0,406.0,338.0,411.3333333333333,520.5,521.8333333333334,0,0.0,8.504900299167534
2012-02-01,303000,303.0,19.47212643678161,24.991666666666667,2.5432716203799592,25.238218390804597,31.7,13.639080459770115,9.066666666666668,11.599137931034482,14.041666666666663,0,0,0,0.9916666666666671,44.543103448275865,3.375,19.578325258249677,26.13412408255732,18.13721418860462,0.3305555555555368,22.668430869690606,62.172222222222224,17.731451612903225,17.208064516129035,20.151190476190475,2,1,0.8660254037844386,0.5000000000000001,334.0,424.0,476.0,400.0,353.6666666666667,445.8333333333333,513.75,0,0.0,8.673489422314706
2012-03-01,377000,377.0,21.273118279569893,25.575,2.815432594282982,26.960483870967742,32.675,15.233870967741936,8.216666666666667,11.726612903225806,14.683333333333334,0,0,0,7.216666666666665,39.66666666666667,1.8083333333333331,21.38421276159629,27.62782347854334,19.49223210975158,2.7361111111110916,20.863070953322623,22.848611111111115,19.47212643678161,17.731451612903225,21.863978494623655,3,1,1.0,6.123233995736766e-17,303.0,334.0,424.0,260.0,338.0,386.6666666666667,523.5,0,0.0,8.438336917562726
2012-04-01,441000,441.0,26.35972222222222,31.000000000000004,1.9731289737365696,31.732777777777777,36.30833333333334,20.336111111111112,16.325,11.396666666666667,14.975000000000001,0,0,0,73.55000000000001,45.51388888888889,8.566666666666666,29.438662719844285,35.28942259064721,22.36832231285791,27.252777777777762,20.614960140897296,15.223611111111113,21.273118279569893,19.47212643678161,26.75722222222222,4,2,0.8660254037844387,-0.4999999999999998,377.0,303.0,334.0,461.0,373.6666666666667,392.5,521.8333333333334,0,0.0,11.997334683641975
2012-05-01,559000,559.0,32.201075268817206,34.00833333333333,0.8742503188856637,37.755376344086024,39.725,25.344354838709677,22.833333333333332,12.411021505376345,14.89166666666667,0,0,0,254.2333333333333,32.68010752688172,0.11666666666666665,35.39060301037123,38.98604445255454,26.611305256869773,111.66666666666663,22.374259722737197,55.9986111111111,26.35972222222222,21.273118279569893,31.24462365591398,5,2,0.49999999999999994,-0.8660254037844387,441.0,377.0,303.0,696.0,459.0,406.3333333333333,510.4166666666667,0,0.0,10.523346022661581
2012-06-01,778000,778.0,33.465833333333336,35.13333333333333,0.8049991968297576,39.371944444444445,40.975,26.25611111111111,24.8,13.115833333333335,14.600000000000005,0,0,9,283.975,30.369444444444447,0.0,36.632577968597694,40.31202049512674,30.675543608124254,203.9194444444444,25.083887858937914,103.32777777777778,32.201075268817206,26.35972222222222,32.966388888888886,6,2,1.2246467991473532e-16,-1.0,559.0,441.0,377.0,616.0,592.6666666666666,465.3333333333333,523.9166666666666,1,33.465833333333336,10.163387662037039
2012-07-01,742000,742.0,34.96370967741935,36.46666666666666,1.0079786988561177,40.44005376344086,42.46666666666666,28.219892473118282,25.633333333333336,12.220161290322581,13.86666666666667,0,1,21,339.875,33.22849462365592,0.0,39.79112246317901,42.641312723858896,33.543539426523296,292.6944444444444,27.955930869690604,159.97361111111113,33.465833333333336,32.201075268817206,34.26424731182796,7,3,-0.4999999999999997,-0.8660254037844388,778.0,559.0,441.0,706.0,693.0,533.3333333333334,526.9166666666666,1,34.96370967741935,11.617914390391954
2012-08-01,779000,779.0,34.37231182795699,35.90833333333334,0.9493184375215715,39.68736559139785,41.46666666666667,27.615053763440862,25.508333333333333,12.07231182795699,14.183333333333337,0,0,12,321.5416666666667,33.81989247311828,0.0,39.02808523480157,41.81014000249185,34.267284946236565,315.13055555555553,30.439295101553167,213.3986111111111,34.96370967741935,33.465833333333336,34.18091397849462,8,3,-0.8660254037844385,-0.5000000000000004,742.0,778.0,559.0,751.0,766.3333333333334,612.6666666666666,529.25,1,34.37231182795699,11.624678900739971
2012-09-01,754000,754.0,31.638333333333332,34.083333333333336,1.0227877725052228,37.22944444444445,39.15,25.056388888888886,22.7,12.173055555555557,14.02500000000001,0,0,0,229.15000000000003,35.416666666666664,0.4166666666666667,35.222056260711135,38.56058783655618,33.65811827956989,296.85555555555555,32.16683094384707,250.38750000000002,34.37231182795699,34.96370967741935,32.10527777777778,9,3,-1.0,-1.8369701987210297e-16,779.0,742.0,778.0,732.0,758.3333333333334,675.5,531.0833333333334,1,31.638333333333332,11.205243055555554
2012-10-01,599000,599.0,28.543279569892473,29.691666666666663,1.0085799040924148,33.77177419354839,35.18333333333334,22.6502688172043,20.458333333333332,11.121505376344086,14.341666666666672,0,0,0,140.84166666666667,41.16129032258065,0.9166666666666667,31.890264116695025,34.24065630577587,31.517974910394262,230.5111111111111,32.530757168458784,261.6027777777778,31.638333333333332,34.37231182795699,27.848387096774193,10,4,-0.8660254037844386,0.5000000000000001,754.0,779.0,742.0,406.0,710.6666666666666,701.8333333333334,547.1666666666666,0,0.0,11.748782171349289
2012-11-01,367000,367.0,23.552222222222223,27.516666666666666,2.475707582329871,28.42111111111111,32.23333333333333,18.671388888888888,14.091666666666667,9.749722222222223,12.416666666666671,0,0,0,24.20833333333334,49.21666666666667,8.808333333333334,25.850056522730164,29.737584482225316,27.91127837514934,131.39999999999998,31.08928166069295,223.26527777777778,28.543279569892473,31.638333333333332,21.64527777777778,11,4,-0.5000000000000004,0.8660254037844384,599.0,754.0,779.0,476.0,573.3333333333334,669.8333333333334,538.0833333333334,0,0.0,11.591618703703706
2012-12-01,303000,303.0,19.270967741935483,23.958333333333336,2.1323553215735984,24.00698924731183,28.958333333333336,14.703763440860214,10.6,9.303225806451612,11.574999999999998,0,0,0,0.0,62.28763440860215,16.808333333333334,21.47492081877438,27.781272098031216,23.788823178016724,55.01666666666663,28.723470728793313,175.93611111111113,23.552222222222223,28.543279569892473,17.208064516129035,12,4,-2.4492935982947064e-16,1.0,367.0,599.0,754.0,424.0,423.0,590.6666666666666,528.0,0,0.0,12.003429934096427
2013-01-01,318000,318.0,18.83978494623656,23.09166666666667,2.654478840596256,24.13198924731183,28.625000000000004,13.411559139784947,7.841666666666667,10.720430107526884,13.875000000000004,0,0,0,0.0,46.26881720430107,1.1166666666666667,18.97682041448,24.478699137484153,20.55432497013142,8.06944444444441,26.036149940262845,119.2902777777778,19.270967741935483,23.552222222222223,17.731451612903225,1,1,0.49999999999999994,0.8660254037844387,303.0,367.0,599.0,334.0,329.3333333333333,520.0,526.6666666666666,0,0.0,8.716945658457625
2013-02-01,294000,294.0,20.448214285714283,23.09166666666667,1.7645957422171554,26.20029761904762,29.416666666666664,14.39047619047619,10.35,11.809821428571427,14.491666666666665,0,0,0,0.0,43.577380952380956,0.0,20.70169954231366,24.09857155645611,19.519655657962108,0.0,23.715467016555724,65.7,18.83978494623656,19.270967741935483,19.47212643678161,2,1,0.8660254037844386,0.5000000000000001,318.0,303.0,367.0,303.0,305.0,439.1666666666667,525.9166666666666,0,0.0,8.910796237244897
2013-03-01,368000,368.0,23.668817204301074,27.14166666666667,1.9980163400486868,29.17231182795699,32.23333333333333,17.676612903225806,12.566666666666666,11.495698924731181,13.991666666666669,0,0,0,20.34166666666666,44.01075268817205,6.541666666666667,25.258302447924528,30.009001911561995,20.98560547875064,6.780555555555516,22.38721432838368,30.898611111111112,20.448214285714283,18.83978494623656,21.273118279569893,3,1,1.0,6.123233995736766e-17,294.0,318.0,303.0,377.0,326.6666666666667,374.8333333333333,525.1666666666666,0,0.0,10.416824604000462
2013-04-01,378000,378.0,26.514722222222222,29.625,2.308627085476487,31.688333333333333,35.15,20.816944444444445,17.116666666666667,10.87138888888889,14.775000000000006,0,0,0,80.98333333333332,42.93611111111112,65.425,29.07395422253071,33.93598812814316,23.543917904079194,33.774999999999956,22.04912143710531,20.92222222222222,23.668817204301074,20.448214285714283,26.35972222222222,4,2,0.8660254037844387,-0.4999999999999998,368.0,294.0,318.0,441.0,346.6666666666667,338.0,519.9166666666666,0,0.0,11.384390594135805
2013-05-01,547000,547.0,29.366935483870968,32.416666666666664,2.324017597975311,34.95833333333333,38.86666666666667,23.31478494623656,19.258333333333333,11.643548387096773,14.816666666666666,0,0,0,166.51666666666668,45.083333333333336,2.75,33.783230910903484,35.988549826506144,26.51682497013142,89.28055555555552,23.018240314046764,44.640277777777776,26.514722222222222,23.668817204301074,32.201075268817206,5,2,0.49999999999999994,-0.8660254037844387,378.0,368.0,294.0,559.0,431.0,368.0,518.9166666666666,0,0.0,13.239593413978495
2013-06-01,592000,592.0,32.520833333333336,34.016666666666666,1.0781523991465414,38.48972222222222,40.958333333333336,25.691111111111113,22.64166666666667,12.798611111111112,15.258333333333336,0,0,3,255.625,30.80277777777778,0.0,35.34164276562205,38.74031285555469,29.467497013142175,167.7083333333333,25.226551245946407,87.24444444444445,29.366935483870968,26.514722222222222,33.465833333333336,6,2,1.2246467991473532e-16,-1.0,547.0,378.0,368.0,778.0,505.6666666666667,416.1666666666667,503.4166666666667,1,32.520833333333336,10.01732002314815
2013-07-01,757000,757.0,33.921505376344086,35.36666666666667,0.654898826627653,39.22016129032258,40.31666666666666,27.779838709677417,25.71666666666667,11.440322580645162,13.183333333333337,0,0,5,307.56666666666666,34.583333333333336,0.0,38.570127996911964,41.24421559387712,31.936424731182797,243.2361111111111,27.740171317630995,138.50555555555556,32.520833333333336,29.366935483870968,34.96370967741935,7,3,-0.4999999999999997,-0.8660254037844388,592.0,547.0,378.0,742.0,632.0,489.3333333333333,504.6666666666667,1,33.921505376344086,11.731187275985665
2013-08-01,752000,752.0,33.62715053763441,34.80833333333333,0.6475057834073723,38.855645161290326,40.15833333333333,27.370967741935484,24.8,11.48467741935484,13.350000000000005,0,0,3,298.4416666666667,36.016129032258064,0.5416666666666667,38.51579032188194,40.955759381113786,33.35649641577061,287.21111111111105,29.936660692951012,188.2458333333333,33.921505376344086,32.520833333333336,34.37231182795699,8,3,-0.8660254037844385,-0.5000000000000004,757.0,592.0,547.0,779.0,700.3333333333334,565.6666666666666,502.4166666666667,1,33.62715053763441,12.111197927506069
2013-09-01,658000,658.0,31.74416666666667,34.47500000000001,1.8793673912217785,37.15472222222222,39.79166666666667,25.76,20.966666666666665,11.394722222222223,13.091666666666665,0,0,0,232.32500000000005,38.172222222222224,0.0,36.14297269520095,40.492613549241206,33.097607526881724,279.4444444444444,31.282552270011948,223.5763888888889,33.62715053763441,33.921505376344086,31.638333333333332,9,3,-1.0,-1.8369701987210297e-16,752.0,757.0,592.0,754.0,722.3333333333334,614.0,494.4166666666667,1,31.74416666666667,12.117453842592594
2013-10-01,451000,451.0,27.426075268817204,30.4,1.6007011512544238,33.056451612903224,35.96666666666667,21.57231182795699,18.316666666666666,11.484139784946235,14.558333333333334,0,0,0,106.20833333333334,40.733870967741936,0.08333333333333334,30.124319135528516,34.311293430483566,30.932464157706093,212.32500000000002,31.43444444444445,227.78055555555557,31.74416666666667,33.62715053763441,28.543279569892473,10,4,-0.8660254037844386,0.5000000000000001,658.0,752.0,757.0,599.0,620.3333333333334,626.1666666666666,482.0833333333333,0,0.0,11.171702111515783
2013-11-01,342000,342.0,23.053055555555556,27.566666666666666,2.445930120403131,27.77277777777778,32.44166666666667,18.463888888888892,14.508333333333335,9.30888888888889,11.775,0,0,0,20.383333333333336,58.66944444444445,28.766666666666666,26.57144852047395,30.397043548871913,27.407765830346477,119.63888888888887,30.382131123058542,203.42499999999998,27.426075268817204,31.74416666666667,23.552222222222223,11,4,-0.5000000000000004,0.8660254037844384,451.0,658.0,752.0,367.0,483.6666666666667,592.0,480.0,0,0.0,13.525099621913583
2013-12-01,343000,343.0,18.30510752688172,22.125,2.3322633235281973,23.376075268817203,28.40833333333333,13.591129032258063,10.016666666666667,9.78494623655914,13.233333333333334,0,0,0,0.0,54.24193548387097,5.358333333333333,19.21074041549483,25.829105500511563,22.928079450418156,42.19722222222219,28.01284348864994,160.82083333333335,23.053055555555556,27.426075268817204,19.270967741935483,12,4,-2.4492935982947064e-16,1.0,342.0,451.0,658.0,303.0,378.6666666666667,550.5,483.3333333333333,0,0.0,9.929044614984392
2014-01-01,370000,370.0,17.60241935483871,22.341666666666665,2.344236622122819,22.361021505376346,27.441666666666666,13.159139784946237,9.441666666666666,9.201881720430107,13.991666666666667,0,0,0,0.0,63.75,19.908333333333335,19.20178378407676,25.905519535212495,19.653527479091995,6.794444444444408,25.292995818399046,109.55972222222225,18.30510752688172,23.053055555555556,18.83978494623656,1,1,0.49999999999999994,0.8660254037844387,343.0,342.0,451.0,318.0,351.6666666666667,486.0,487.6666666666667,0,0.0,11.221542338709678
2014-02-01,353000,353.0,19.079761904761906,24.124999999999996,2.417967326204752,24.429761904761904,30.516666666666673,13.844642857142857,9.758333333333335,10.585119047619047,13.075,0,0,0,0.12499999999999645,47.86607142857143,2.216666666666667,19.428761148259145,26.000141199302497,18.32909626216078,0.041666666666627585,22.86843104625363,59.84027777777779,17.60241935483871,18.30510752688172,20.448214285714283,2,1,0.8660254037844386,0.5000000000000001,370.0,343.0,342.0,294.0,355.3333333333333,419.5,492.5833333333333,0,0.0,9.132732461734696
2014-03-01,356000,356.0,23.634677419354837,27.333333333333332,2.3111305722746924,28.80833333333333,31.98333333333333,18.216397849462368,12.416666666666668,10.591935483870966,13.725000000000005,0,0,0,22.883333333333333,42.26881720430107,1.0499999999999998,24.993643372621232,29.57213195913138,20.105619559651817,7.669444444444405,21.516849505034987,24.933333333333337,19.079761904761906,17.60241935483871,23.668817204301074,3,1,1.0,6.123233995736766e-17,353.0,370.0,343.0,368.0,359.6666666666667,369.1666666666667,491.5833333333333,0,0.0,9.990098595213318
2014-04-01,484000,484.0,28.31,32.46666666666666,2.8221325256509764,33.935833333333335,37.35,22.13,15.891666666666667,11.805833333333334,13.49166666666667,0,0,0,134.09166666666667,37.522222222222226,0.875,30.8132959306082,36.16356940340966,23.674813108038915,52.366666666666625,21.66417029356545,29.580555555555552,23.634677419354837,19.079761904761906,26.514722222222222,4,2,0.8660254037844387,-0.4999999999999998,356.0,353.0,370.0,378.0,397.6666666666667,374.6666666666667,500.4166666666667,0,0.0,10.622541111111111
2014-05-01,680000,680.0,31.02741935483871,33.9,1.6617597120227057,36.25134408602151,39.241666666666674,24.813440860215056,21.625,11.437903225806453,14.458333333333329,0,0,0,217.85,34.892473118279575,0.9916666666666667,34.21962422141824,38.69091840901161,27.65736559139785,124.94166666666662,22.993230926779315,62.49166666666667,28.31,23.634677419354837,29.366935483870968,5,2,0.49999999999999994,-0.8660254037844387,484.0,356.0,353.0,547.0,506.6666666666667,431.0,511.5,0,0.0,10.826233957682971
2014-06-01,827000,827.0,32.71027777777778,34.10833333333333,0.8755969045947398,38.383611111111115,40.35,26.153333333333332,24.216666666666665,12.23027777777778,13.95,0,0,1,261.30833333333334,32.769444444444446,0.0,36.157931100181926,38.010420156150516,30.682565710872165,204.41666666666663,25.394092635261995,106.04305555555555,31.02741935483871,28.31,32.520833333333336,6,2,1.2246467991473532e-16,-1.0,680.0,484.0,356.0,592.0,663.6666666666666,511.6666666666667,531.0833333333334,1,32.71027777777778,10.71897630401235
2014-07-01,899000,899.0,33.96774193548387,34.858333333333334,0.4848431492049196,39.520967741935486,40.733333333333334,27.398924731182795,25.491666666666667,12.122043010752689,14.400000000000006,0,0,7,309.0,33.0,0.5,38.15859354440795,40.24355772106335,32.56847968936679,262.7194444444444,28.121646398702854,157.54305555555555,32.71027777777778,31.02741935483871,33.921505376344086,7,3,-0.4999999999999997,-0.8660254037844388,827.0,680.0,484.0,757.0,802.0,599.8333333333334,542.9166666666666,1,33.96774193548387,11.209354838709679
2014-08-01,769000,769.0,34.11102150537634,34.858333333333334,0.4717402136258189,39.54784946236559,40.53333333333334,27.544623655913977,26.558333333333334,12.003225806451614,13.675000000000008,0,0,6,313.44166666666666,35.752688172043015,0.0,39.20172761991038,41.76474075467766,33.59634707287933,294.58333333333326,30.62685633213859,209.76250000000002,33.96774193548387,32.71027777777778,33.62715053763441,8,3,-0.8660254037844385,-0.5000000000000004,899.0,827.0,680.0,752.0,831.6666666666666,669.1666666666666,544.3333333333334,1,34.11102150537634,12.195607151115738
2014-09-01,648000,648.0,31.796388888888888,33.616666666666674,1.3350988371102477,37.099722222222226,39.125,25.719444444444445,23.116666666666667,11.38027777777778,12.624999999999996,0,0,0,233.8916666666667,38.652777777777786,0.08333333333333334,36.337700365207475,39.01995816977885,33.2917174432497,285.4444444444444,31.987141577060935,244.93055555555554,34.11102150537634,33.96774193548387,31.74416666666667,9,3,-1.0,-1.8369701987210297e-16,769.0,899.0,827.0,658.0,772.0,717.8333333333334,543.5,1,31.796388888888888,12.290187538580248
2014-10-01,512000,512.0,28.708064516129035,30.26666666666667,1.182737494494915,33.90403225806452,35.76666666666667,23.115591397849464,20.76666666666667,10.788440860215056,12.39166666666667,0,0,0,145.95000000000002,43.314516129032256,0.0,32.622199754029296,34.72475981221731,31.53849163679809,231.09444444444443,32.05348566308244,246.90694444444446,31.796388888888888,34.11102150537634,27.426075268817204,10,4,-0.8660254037844386,0.5000000000000001,648.0,769.0,899.0,451.0,643.0,722.5,548.5833333333334,0,0.0,12.434759235171695
2014-11-01,354000,354.0,22.514722222222222,27.083333333333336,2.1068019327360448,27.248611111111114,32.425,17.645555555555557,14.15,9.603055555555555,12.350000000000001,0,0,0,8.866666666666667,51.81944444444445,13.758333333333333,24.781106434855282,30.45266721944516,27.673058542413383,129.56944444444443,30.63470280764636,212.07638888888889,28.708064516129035,31.796388888888888,23.053055555555556,11,4,-0.5000000000000004,0.8660254037844384,512.0,648.0,769.0,342.0,504.6666666666667,668.1666666666666,549.5833333333334,0,0.0,11.667003973765434
2014-12-01,386000,386.0,19.830376344086023,22.01666666666667,1.0439187840622663,24.945967741935487,27.808333333333334,14.676881720430108,12.408333333333335,10.269086021505377,13.083333333333332,0,0,0,0.0,57.733870967741936,3.7666666666666666,21.687706520880948,25.818027143304747,23.68438769414576,51.605555555555526,28.48805256869773,168.525,22.514722222222222,28.708064516129035,18.30510752688172,12,4,-2.4492935982947064e-16,1.0,354.0,512.0,648.0,343.0,417.3333333333333,594.6666666666666,553.1666666666666,0,0.0,11.448843890912244
2015-01-01,276000,276.0,17.76478494623656,23.008333333333333,2.5978344878541337,23.548655913978493,29.875000000000004,11.666666666666668,7.075,11.881989247311829,16.008333333333333,0,0,0,0.0,45.41666666666667,5.25,17.416109902448824,25.062836203245414,20.03662783751493,2.955555555555518,25.78755973715651,117.02500000000002,19.830376344086023,22.514722222222222,17.60241935483871,1,1,0.49999999999999994,0.8660254037844387,386.0,354.0,512.0,370.0,338.6666666666667,490.8333333333333,545.3333333333334,0,0.0,8.06817316308244
2015-02-01,315000,315.0,21.30892857142857,25.241666666666667,2.575658580301553,26.882440476190478,31.00833333333333,15.369047619047619,9.866666666666667,11.513392857142858,14.075,0,0,0,3.5583333333333336,44.029761904761905,0.11666666666666665,22.030823136333208,27.313454523834558,19.634696620583718,1.1861111111110734,23.65387758149855,65.37777777777778,17.76478494623656,19.830376344086023,19.079761904761906,2,1,0.8660254037844386,0.5000000000000001,276.0,386.0,354.0,353.0,325.6666666666667,415.1666666666667,542.1666666666666,0,0.0,9.382270514455781
2015-03-01,351000,351.0,23.470161290322583,27.85,1.7321828101944363,28.77715053763441,33.875,18.15752688172043,14.449999999999998,10.619623655913978,15.458333333333337,0,0,0,12.916666666666668,49.95698924731183,27.241666666666664,25.95466187948867,32.895990956870065,20.847958269329236,5.491666666666629,22.266172981737498,28.548611111111114,21.30892857142857,17.76478494623656,23.634677419354837,3,1,1.0,6.123233995736766e-17,315.0,276.0,386.0,356.0,314.0,365.6666666666667,541.75,0,0.0,11.724985952133197
2015-04-01,358000,358.0,27.0425,30.89166666666667,2.527012446769953,32.71138888888889,36.46666666666667,20.770833333333332,15.916666666666668,11.940555555555555,14.45,0,0,0,96.00000000000003,34.66388888888889,0.175,28.370295538459413,33.90731749701348,23.94052995391705,37.49166666666664,21.988578895715992,20.223611111111115,23.470161290322583,21.30892857142857,28.31,4,2,0.8660254037844387,-0.4999999999999998,351.0,315.0,276.0,484.0,341.3333333333333,340.0,531.25,0,0.0,9.373982152777778
2015-05-01,677000,677.0,31.900268817204303,34.30833333333334,1.3126935198973175,37.05913978494623,40.08333333333333,25.68037634408602,23.475,11.378763440860215,15.43333333333333,0,0,1,244.90833333333336,35.41935483870968,0.4583333333333333,35.60150072312824,37.62097761845862,27.470976702508963,117.94166666666665,23.55283666154634,59.5638888888889,27.0425,23.470161290322583,31.02741935483871,5,2,0.49999999999999994,-0.8660254037844387,358.0,351.0,315.0,680.0,462.0,393.8333333333333,531.0,0,0.0,11.298869406867848
2015-06-01,894000,894.0,32.93972222222222,34.1,0.790283678071558,38.63305555555555,40.34166666666667,26.065555555555555,24.124999999999996,12.5675,14.325000000000003,0,0,2,268.19166666666666,31.541666666666668,0.0,36.16953988340207,38.10360362246053,30.627497013142175,203.0333333333333,25.737727641235708,104.2625,31.900268817204303,27.0425,32.71027777777778,6,2,1.2246467991473532e-16,-1.0,677.0,358.0,351.0,827.0,643.0,478.5,536.5833333333334,1,32.93972222222222,10.389737384259261
2015-07-01,848000,848.0,34.4236559139785,35.78333333333333,0.8813344700104925,40.15537634408602,41.733333333333334,27.27715053763441,25.175,12.878225806451614,14.400000000000002,0,0,18,323.1333333333334,30.720430107526884,0.0,38.164488322543214,40.87596398177767,33.08788231780167,278.74444444444447,28.514206135859364,158.11805555555557,32.93972222222222,31.900268817204303,33.96774193548387,7,3,-0.4999999999999997,-0.8660254037844388,894.0,677.0,358.0,899.0,806.3333333333334,573.8333333333334,532.3333333333334,1,34.4236559139785,10.57509515550931
2015-08-01,848000,848.0,34.789516129032265,35.608333333333334,0.43506580888931967,40.21370967741935,41.71666666666666,27.933333333333334,26.333333333333332,12.28037634408602,14.349999999999998,0,0,21,334.475,36.54838709677419,0.0,40.52899149350621,42.2991293479633,34.050964755077665,308.59999999999997,30.76097072879331,213.27083333333337,34.4236559139785,32.93972222222222,34.11102150537634,8,3,-0.8660254037844385,-0.5000000000000004,848.0,894.0,677.0,769.0,863.3333333333334,662.6666666666666,538.9166666666666,1,34.789516129032265,12.715007023933403
2015-09-01,744000,744.0,32.50416666666667,35.15,0.979795286109291,37.68277777777778,40.541666666666664,26.290000000000003,22.983333333333334,11.392777777777779,12.900000000000006,0,0,1,255.12500000000003,39.527777777777786,0.0,37.69549747349053,40.450816244695545,33.90577956989248,304.24444444444447,32.266638291517324,253.6388888888889,34.789516129032265,34.4236559139785,31.796388888888888,9,3,-1.0,-1.8369701987210297e-16,848.0,848.0,894.0,648.0,813.3333333333334,728.1666666666666,546.9166666666666,1,32.50416666666667,12.848174768518522
2015-10-01,667000,667.0,29.956182795698926,31.916666666666664,1.0913293960382031,34.96935483870968,37.575,24.187634408602154,22.59166666666667,10.781720430107528,13.208333333333336,0,0,0,184.64166666666665,42.314516129032256,0.8750000000000001,34.32430797400925,35.65510451492398,32.416621863799286,258.0805555555555,32.75225209080048,268.4125,32.50416666666667,34.789516129032265,28.708064516129035,10,4,-0.8660254037844386,0.5000000000000001,744.0,848.0,848.0,512.0,753.0,779.6666666666666,559.8333333333334,0,0.0,12.675813800728408
2015-11-01,497000,497.0,23.51,27.883333333333336,2.186449693118142,27.90888888888889,32.708333333333336,18.970833333333335,15.55,8.938055555555556,12.316666666666666,0,0,0,23.250000000000004,58.00833333333333,22.475,27.24597784575658,32.200316623638564,28.656783154121864,154.33888888888887,31.353873954599766,231.46944444444446,29.956182795698926,32.50416666666667,22.514722222222222,11,4,-0.5000000000000004,0.8660254037844384,667.0,744.0,848.0,354.0,636.0,749.6666666666666,571.75,0,0.0,13.637759166666667
2015-12-01,392000,392.0,18.187096774193552,22.058333333333334,2.003608825933749,22.74435483870968,27.191666666666663,13.970698924731183,9.541666666666668,8.773655913978494,11.675,0,0,0,0.0,56.86827956989247,29.758333333333333,19.305557572621773,27.78656023440814,23.884426523297492,69.29722222222217,28.895103046594986,186.77083333333334,23.51,29.956182795698926,19.830376344086023,12,4,-2.4492935982947064e-16,1.0,497.0,667.0,744.0,386.0,518.6666666666666,666.0,572.25,0,0.0,10.342689039195283
2016-01-01,293000,293.0,17.7505376344086,21.225,2.607434115040529,22.56989247311828,26.53333333333333,13.20510752688172,7.075,9.36478494623656,11.633333333333335,0,0,0,0.0,55.45967741935484,6.425000000000001,18.54962538890043,22.995823649463976,19.81587813620072,7.749999999999964,26.116250000000004,132.9152777777778,18.187096774193552,23.51,17.76478494623656,1,1,0.49999999999999994,0.8660254037844387,392.0,497.0,667.0,276.0,394.0,573.5,573.6666666666666,0,0.0,9.84439091224419
2016-02-01,291000,291.0,19.756034482758622,24.4,2.2498665045844426,25.085919540229884,29.825,14.539080459770116,11.283333333333333,10.54683908045977,14.2,0,0,0,0.3999999999999986,47.316091954022994,2.658333333333333,20.328342547347738,28.76110432851994,18.56455629712026,0.13333333333329497,23.610669725621065,77.23611111111111,17.7505376344086,18.187096774193552,21.30892857142857,2,1,0.8660254037844386,0.5000000000000001,293.0,392.0,497.0,315.0,325.3333333333333,480.6666666666667,571.6666666666666,0,0.0,9.34778344233056
2016-03-01,397000,397.0,24.010215053763442,29.65833333333334,2.219721902081575,29.373924731182797,35.15,18.81021505376344,15.041666666666668,10.563709677419354,13.841666666666669,0,0,0,28.175,48.34139784946237,6.6,26.44234237947121,32.30071005373344,20.505595723643555,9.524999999999961,22.195011123470522,39.411111111111104,19.756034482758622,17.7505376344086,23.470161290322583,3,1,1.0,6.123233995736766e-17,291.0,293.0,392.0,351.0,327.0,422.8333333333333,575.5,0,0.0,11.606873583651291
2016-04-01,501000,501.0,26.540000000000003,30.383333333333336,2.4857442204502687,31.54722222222222,35.733333333333334,20.981944444444444,15.200000000000003,10.565277777777776,13.45000000000001,0,0,0,82.57500000000002,47.43055555555556,24.7,30.095106272083843,33.683595190522574,23.435416512174026,37.04999999999997,21.62564732418737,22.400000000000006,24.010215053763442,19.756034482758622,27.0425,4,2,0.8660254037844387,-0.4999999999999998,397.0,291.0,293.0,358.0,396.3333333333333,395.1666666666667,587.4166666666666,0,0.0,12.588069444444445
2016-05-01,660000,660.0,31.603494623655916,33.35,1.1890993599918782,37.18387096774194,39.825,25.40215053763441,22.291666666666668,11.781720430107528,14.65000000000001,0,0,0,235.70833333333337,36.11290322580645,3.9166666666666665,35.35385034709265,38.01973896516441,27.38456989247312,115.48611111111109,22.97456309479669,57.809722222222234,26.540000000000003,24.010215053763442,31.900268817204303,5,2,0.49999999999999994,-0.8660254037844387,501.0,397.0,291.0,677.0,519.3333333333334,422.3333333333333,586.0,0,0.0,11.412939429413804
2016-06-01,704000,704.0,33.31194444444444,36.025000000000006,1.3600690259791388,38.94111111111111,41.35000000000001,26.509999999999998,23.633333333333333,12.431111111111113,13.783333333333339,0,0,7,279.35833333333335,34.422222222222224,0.0,37.526330837299156,40.65221333827527,30.485146356033454,199.21388888888887,25.495371039838506,104.36944444444445,31.603494623655916,26.540000000000003,32.93972222222222,6,2,1.2246467991473532e-16,-1.0,660.0,501.0,397.0,894.0,621.6666666666666,474.3333333333333,570.1666666666666,1,33.31194444444444,11.466711543209875
2016-07-01,697000,697.0,34.82096774193548,36.28333333333334,0.6983176575002122,40.06344086021505,41.708333333333336,28.526075268817205,25.816666666666666,11.537365591397851,13.874999999999996,0,0,14,335.45000000000005,34.255376344086024,0.0,39.888386207219334,43.010083274081126,33.24546893667861,283.50555555555553,28.34044272442632,160.2777777777778,33.31194444444444,31.603494623655916,34.4236559139785,7,3,-0.4999999999999997,-0.8660254037844388,704.0,660.0,501.0,848.0,687.0,541.6666666666666,557.5833333333334,1,34.82096774193548,11.928053546652793
2016-08-01,739000,739.0,34.642473118279575,35.925000000000004,0.676877891357694,39.78360215053764,41.15833333333334,28.22204301075269,26.333333333333332,11.561559139784949,13.00833333333333,0,0,11,329.91666666666674,35.80107526881721,0.0,40.05834042712839,42.08492826199055,34.25846176821984,314.9083333333333,30.82151583034648,215.19722222222228,34.82096774193548,33.31194444444444,34.789516129032265,8,3,-0.8660254037844385,-0.5000000000000004,697.0,704.0,660.0,848.0,713.3333333333334,616.3333333333334,548.5,1,34.642473118279575,12.402377876055038
2016-09-01,490000,490.0,32.29694444444444,34.641666666666666,1.3950076616698197,37.631388888888885,40.19166666666666,26.001944444444444,23.041666666666668,11.629444444444443,13.000000000000004,0,0,1,248.90833333333336,39.66944444444445,0.0,37.406615889987755,40.38785313159794,33.9201284348865,304.7583333333333,32.20263739545998,251.98611111111117,34.642473118279575,34.82096774193548,32.50416666666667,9,3,-1.0,-1.8369701987210297e-16,739.0,697.0,704.0,744.0,642.0,631.8333333333334,527.3333333333334,1,32.29694444444444,12.812018433641976
2016-10-01,492000,492.0,27.65510752688172,28.575,0.531841130463383,33.08010752688172,34.13333333333333,21.473387096774193,19.6,11.60672043010753,13.383333333333336,0,0,0,113.30833333333334,40.98924731182796,0.16666666666666669,30.529697722348423,31.906625640191386,31.53150836320192,230.71111111111108,32.388488649940264,257.1083333333334,32.29694444444444,34.642473118279575,29.956182795698926,10,4,-0.8660254037844386,0.5000000000000001,490.0,739.0,697.0,667.0,573.6666666666666,630.3333333333334,512.75,0,0.0,11.335620418545497
2016-11-01,352000,352.0,23.277222222222225,27.46666666666667,2.040049128574781,28.311111111111114,32.825,17.900277777777777,15.283333333333333,10.410833333333333,13.733333333333338,0,0,0,14.225000000000001,48.608333333333334,18.266666666666666,25.338764333971856,30.241660651021306,27.743091397849465,125.48055555555551,31.00077658303465,220.19444444444446,27.65510752688172,32.29694444444444,23.51,11,4,-0.5000000000000004,0.8660254037844384,492.0,490.0,739.0,497.0,444.6666666666667,579.0,500.6666666666667,0,0.0,11.31466976851852
2016-12-01,353000,353.0,20.08709677419355,23.175,1.7110694061156027,25.338978494623657,28.366666666666667,15.136559139784946,12.750000000000002,10.20241935483871,13.583333333333334,0,0,0,0.0,54.88978494623656,0.9166666666666667,21.785878850708865,29.023271341610457,23.6731421744325,42.511111111111056,28.7966353046595,173.63472222222222,23.277222222222225,27.65510752688172,18.187096774193552,12,4,-2.4492935982947064e-16,1.0,352.0,492.0,490.0,392.0,399.0,520.5,497.4166666666667,0,0.0,11.02576422129726
2017-01-01,252000,252.0,19.275537634408604,21.825,1.6233010142286288,25.301881720430107,28.56666666666667,13.756989247311829,10.100000000000001,11.54489247311828,15.125000000000004,0,0,0,0.0,49.95430107526882,2.6416666666666666,19.945005070853885,23.859221603851307,20.879952210274794,4.74166666666661,26.205730286738355,117.72638888888889,20.08709677419355,23.277222222222225,17.7505376344086,1,1,0.49999999999999994,0.8660254037844387,353.0,352.0,492.0,293.0,319.0,446.3333333333333,494.0,0,0.0,9.628960103769224
2017-02-01,283000,283.0,17.38511904761905,21.116666666666664,2.012756842929506,22.343154761904763,26.791666666666668,12.954166666666667,8.05,9.388988095238094,12.741666666666667,0,0,0,0.0,53.25892857142857,38.375,17.766026110750893,21.994341111761944,18.9159178187404,0.0,23.32950460829493,62.740277777777784,19.275537634408604,20.08709677419355,19.756034482758622,2,1,0.8660254037844386,0.5000000000000001,252.0,353.0,352.0,291.0,296.0,370.3333333333333,493.3333333333333,0,0.0,9.259128135629252
2017-03-01,305000,305.0,22.656182795698925,27.291666666666668,1.839120874602278,28.276881720430108,33.43333333333333,17.44704301075269,14.858333333333333,10.829838709677418,13.76666666666667,0,0,0,9.641666666666673,50.723118279569896,16.733333333333334,24.846438678440983,31.74331518653759,19.772279825908857,3.213888888888834,21.722711000170676,22.8625,17.38511904761905,19.275537634408604,24.010215053763442,3,1,1.0,6.123233995736766e-17,283.0,252.0,353.0,397.0,280.0,339.5,485.6666666666667,0,0.0,11.49192239709793
2017-04-01,421000,421.0,28.725277777777777,31.758333333333333,1.9691362384413078,34.98111111111111,39.358333333333334,22.479444444444443,18.4,12.501666666666667,15.050000000000004,0,0,0,141.75833333333333,32.575,0.4166666666666667,30.2347158261485,33.43661423945537,22.922193207031913,50.46666666666661,21.901072708653356,27.604166666666668,22.656182795698925,17.38511904761905,26.540000000000003,4,2,0.8660254037844387,-0.4999999999999998,305.0,283.0,252.0,501.0,336.3333333333333,327.6666666666667,479.0,0,0.0,9.357259236111112
2017-05-01,604000,604.0,32.58037634408602,34.666666666666664,1.2381634928899556,38.17956989247312,41.24166666666667,26.551075268817204,24.116666666666667,11.628494623655914,13.533333333333331,0,0,4,265.9916666666667,30.696236559139788,2.3166666666666664,35.38153694503034,38.249021372035074,27.987278972520908,139.1305555555555,23.451598395630654,69.56527777777778,28.725277777777777,22.656182795698925,31.603494623655916,5,2,0.49999999999999994,-0.8660254037844387,421.0,305.0,283.0,660.0,443.3333333333333,369.6666666666667,474.3333333333333,0,0.0,10.000949394438663
2017-06-01,680000,680.0,33.38472222222222,35.5,1.412027704468457,39.69694444444444,42.00833333333333,26.60472222222222,22.90833333333333,13.092222222222222,15.341666666666661,0,1,15,281.5416666666667,30.65277777777778,0.0,36.59759077404491,40.14983624631299,31.563458781362005,229.76388888888883,25.66786930363543,116.4888888888889,32.58037634408602,28.725277777777777,33.31194444444444,6,2,1.2246467991473532e-16,-1.0,604.0,421.0,305.0,704.0,568.3333333333334,424.1666666666667,472.3333333333333,1,33.38472222222222,10.233344714506174
2017-07-01,657000,657.0,36.01801075268818,37.32500000000001,0.6308947818824071,41.9747311827957,44.125,29.351881720430107,26.974999999999998,12.622849462365592,15.23333333333333,0,16,31,372.55833333333334,25.225806451612904,0.0,38.78503424005654,41.24558659851397,33.9943697729988,306.6972222222222,28.458281490015363,178.58194444444447,33.38472222222222,32.58037634408602,34.82096774193548,7,3,-0.4999999999999997,-0.8660254037844388,680.0,604.0,421.0,697.0,647.0,491.6666666666667,469.0,1,36.01801075268818,9.085833680194243
2017-08-01,659000,659.0,35.31586021505377,36.825,0.6828668964940067,40.767473118279575,42.675,29.622043010752687,27.625,11.145430107526883,13.433333333333334,0,2,27,350.7916666666667,34.02688172043011,0.0,40.57944803912975,41.99321112143778,34.90619772998806,334.9638888888889,31.44673835125448,237.04722222222222,36.01801075268818,33.38472222222222,34.642473118279575,8,3,-0.8660254037844385,-0.5000000000000004,657.0,680.0,604.0,739.0,665.3333333333334,554.3333333333334,462.3333333333333,1,35.31586021505377,12.01688598392878
2017-09-01,660000,660.0,32.48861111111111,34.075,1.109877032584461,38.495,41.883333333333326,26.055833333333332,22.95,12.439166666666665,15.283333333333328,0,0,2,254.65833333333336,35.00277777777778,0.0,36.43160727605767,38.870054107885416,34.60749402628435,326.00277777777774,33.08547640382318,277.8833333333334,35.31586021505377,36.01801075268818,32.29694444444444,9,3,-1.0,-1.8369701987210297e-16,659.0,657.0,680.0,490.0,658.6666666666666,613.5,476.5,1,32.48861111111111,11.371916350308643
2017-10-01,408000,408.0,28.841129032258063,30.741666666666667,1.0872470661242075,34.91209677419355,36.4,22.385215053763442,20.166666666666668,12.526881720430108,13.725000000000005,0,0,0,150.075,40.31720430107527,0.0,32.192578848511936,34.84578657534915,32.21520011947431,251.8416666666666,33.10478494623656,279.26944444444445,32.48861111111111,35.31586021505377,27.65510752688172,10,4,-0.8660254037844386,0.5000000000000001,660.0,659.0,657.0,492.0,575.6666666666666,611.3333333333334,469.5,0,0.0,11.627936914672215
2017-11-01,304000,304.0,23.5775,26.51666666666667,2.3176000249134723,28.87666666666667,32.3,18.33527777777778,14.491666666666667,10.54138888888889,13.341666666666661,0,0,0,19.516666666666662,49.58888888888889,7.208333333333334,25.937523506629553,28.961389823451054,28.30241338112306,141.41666666666663,31.604305555555555,238.19027777777777,28.841129032258063,32.48861111111111,23.277222222222225,11,4,-0.5000000000000004,0.8660254037844384,408.0,660.0,659.0,352.0,457.3333333333333,561.3333333333334,465.5,0,0.0,11.69182027777778
2017-12-01,260000,260.0,19.184677419354838,22.308333333333334,1.463603329897802,25.384139784946235,30.233333333333334,13.686827956989248,10.366666666666669,11.69731182795699,15.600000000000001,0,0,0,0.0,44.76075268817205,0.26666666666666666,19.196236604779404,24.97752604832819,23.867768817204297,56.53055555555551,29.237631421744325,191.26666666666665,23.5775,28.841129032258063,20.08709677419355,12,4,-2.4492935982947064e-16,1.0,304.0,408.0,660.0,353.0,324.0,491.3333333333333,457.75,0,0.0,8.587206013701007
2018-01-01,327000,327.0,17.899193548387096,20.616666666666667,1.3972465562913727,23.774193548387096,27.03333333333333,12.512365591397849,10.108333333333334,11.261827956989247,14.86666666666667,0,0,0,0.0,40.63709677419355,0.5,16.982660306314557,20.087037211876314,20.22045698924731,6.5055555555555165,26.21782855436081,129.17361111111111,19.184677419354838,23.5775,19.275537634408604,1,1,0.49999999999999994,0.8660254037844387,260.0,304.0,408.0,252.0,297.0,436.3333333333333,464.0,0,0.0,7.273712604058273
2018-02-01,343000,343.0,21.50863095238095,27.200000000000003,2.473216073789035,27.62529761904762,35.300000000000004,15.702380952380953,11.625,11.922916666666667,15.941666666666666,0,0,0,5.833333333333336,43.711309523809526,12.6,22.24821433987852,27.13997519952224,19.530833973374296,1.9444444444444073,23.916623677248676,71.68055555555556,17.899193548387096,19.184677419354838,17.38511904761905,2,1,0.8660254037844386,0.5000000000000001,327.0,260.0,304.0,283.0,310.0,383.6666666666667,469.0,0,0.0,9.401704249929137
2018-03-01,350000,350.0,25.28844086021505,30.38333333333333,2.4215818573313337,31.609408602150538,37.666666666666664,19.105645161290322,15.216666666666665,12.503763440860215,15.208333333333332,0,0,0,54.66666666666665,37.87096774193548,4.166666666666666,26.383014971147002,31.48169516199441,21.565421786994364,20.166666666666625,22.716595302099336,38.348611111111104,21.50863095238095,17.899193548387096,22.656182795698925,3,1,1.0,6.123233995736766e-17,343.0,327.0,260.0,305.0,340.0,332.0,472.75,0,0.0,9.576977280610473
2018-04-01,388000,388.0,27.096666666666668,31.075,1.4830582206453504,32.77583333333333,36.858333333333334,21.26388888888889,18.8,11.511944444444445,13.541666666666668,0,0,0,92.89999999999999,40.78611111111111,8.766666666666666,29.618792749775327,33.948243793355715,24.631246159754223,51.13333333333329,22.42585157450077,28.81944444444444,25.28844086021505,21.50863095238095,28.725277777777777,4,2,0.8660254037844387,-0.4999999999999998,350.0,343.0,327.0,421.0,360.3333333333333,328.6666666666667,470.0,0,0.0,11.051676574074074
2018-05-01,412000,412.0,31.589247311827958,34.21666666666667,1.8279215498356727,37.508602150537634,41.93333333333334,25.31693548387097,21.958333333333332,12.191666666666668,15.641666666666666,0,0,2,235.26666666666668,29.927419354838708,1.2249999999999999,33.70620266127278,37.969078589809406,27.991451612903223,127.61111111111107,23.76114279313876,64.77777777777779,27.096666666666668,25.28844086021505,32.58037634408602,5,2,0.49999999999999994,-0.8660254037844387,388.0,350.0,343.0,604.0,383.3333333333333,346.6666666666667,454.0,0,0.0,9.453846514047866
2018-06-01,468000,468.0,34.25222222222222,35.483333333333334,0.8223527518840631,39.945277777777775,42.891666666666666,27.976388888888888,26.183333333333337,11.96888888888889,15.816666666666663,0,2,13,307.5666666666666,29.138888888888893,0.0,37.44208818072473,41.399428235163285,30.979378733572286,211.91111111111104,26.272400260283323,116.03888888888889,31.589247311827958,27.096666666666668,33.38472222222222,6,2,1.2246467991473532e-16,-1.0,412.0,388.0,350.0,680.0,422.6666666666667,381.3333333333333,436.3333333333333,1,34.25222222222222,9.980716975308644
2018-07-01,580000,580.0,35.032526881720436,36.116666666666674,0.5879710674047988,40.596774193548384,42.0,28.861021505376346,27.116666666666667,11.735752688172044,13.958333333333332,0,0,22,342.0083333333334,28.876344086021508,0.0,38.5116480294048,40.86404595118572,33.62466547192354,294.9472222222222,29.127955815838877,173.0402777777778,34.25222222222222,31.589247311827958,36.01801075268818,7,3,-0.4999999999999997,-0.8660254037844388,468.0,412.0,388.0,657.0,486.6666666666667,423.5,429.9166666666667,1,35.032526881720436,10.116113004393574
2018-08-01,490000,490.0,34.49327956989247,35.90833333333334,0.568096314843768,40.06908602150538,41.13333333333333,28.38279569892473,26.65,11.686290322580646,13.191666666666663,0,0,17,325.2916666666667,31.545698924731184,0.0,38.5301103154034,40.60476357362364,34.592676224611715,324.9555555555555,31.292063918757467,226.28333333333333,35.032526881720436,34.25222222222222,35.31586021505377,8,3,-0.8660254037844385,-0.5000000000000004,580.0,468.0,412.0,659.0,512.6666666666666,448.0,415.8333333333333,1,34.49327956989247,10.881146122384092
2018-09-01,536000,536.0,33.433888888888895,36.28333333333333,1.0444960042706846,39.21055555555555,41.6,27.28861111111111,24.083333333333332,11.921944444444444,13.433333333333337,0,0,6,283.0166666666667,37.74722222222223,0.0,38.69188534294112,41.29557965430376,34.31989844683393,316.7722222222222,32.649638590203104,264.3416666666667,34.49327956989247,35.032526881720436,32.48861111111111,9,3,-1.0,-1.8369701987210297e-16,490.0,580.0,468.0,660.0,535.3333333333334,479.0,405.5,1,33.433888888888895,12.620364336419756
2018-10-01,333000,333.0,28.60725806451613,30.725000000000005,2.0180524874972643,33.96451612903226,36.825,23.046236559139786,18.491666666666667,10.918279569892475,13.241666666666667,0,0,0,143.9666666666667,45.013440860215056,7.8999999999999995,32.75175690633958,35.20918849415214,32.1781421744325,250.75833333333333,32.90140382317802,272.8527777777778,33.433888888888895,34.49327956989247,28.841129032258063,10,4,-0.8660254037844386,0.5000000000000001,536.0,490.0,580.0,408.0,453.0,469.8333333333333,399.25,0,0.0,12.877111190600072
2018-11-01,328000,328.0,22.449444444444445,25.316666666666666,1.524223207307918,27.736666666666668,30.675000000000004,17.897499999999997,13.758333333333335,9.839166666666666,11.800000000000004,0,0,0,3.0166666666666657,61.98055555555556,53.15833333333334,26.22603631539071,29.375172006423494,28.163530465949822,143.33333333333331,31.378103345280767,234.14444444444447,28.60725806451613,33.433888888888895,23.5775,11,4,-0.5000000000000004,0.8660254037844384,333.0,536.0,490.0,304.0,399.0,455.8333333333333,401.25,0,0.0,13.914290385802472
2018-12-01,364000,364.0,20.234139784946237,22.075,1.2920973383072543,25.43037634408602,27.916666666666668,15.534139784946237,12.516666666666667,9.896236559139783,12.566666666666666,0,0,0,0.0,56.37096774193548,8.391666666666667,22.130116604048705,25.343014904830305,23.76361409796894,48.99444444444441,29.041756272401432,182.88333333333335,22.449444444444445,28.60725806451613,19.184677419354838,12,4,-2.4492935982947064e-16,1.0,328.0,333.0,536.0,260.0,341.6666666666667,438.5,409.9166666666667,0,0.0,11.406180411030178
2019-01-01,377000,377.0,20.0,24.325,2.3695082706005572,25.603494623655916,29.741666666666667,14.609408602150538,9.841666666666667,10.994086021505378,14.441666666666665,0,0,0,0.3249999999999993,49.096774193548384,7.858333333333335,20.877533273670547,25.870705091966997,20.894528076463562,1.1138888888888505,26.53633512544803,125.93611111111113,20.234139784946237,22.449444444444445,17.899193548387096,1,1,0.49999999999999994,0.8660254037844387,364.0,328.0,333.0,327.0,356.3333333333333,404.6666666666667,414.0833333333333,0,0.0,9.819354838709677
2019-02-01,259000,259.0,19.8,24.9,2.439930596732708,25.304464285714285,32.01666666666667,14.599404761904763,10.25,10.705059523809524,14.108333333333334,0,0,0,1.1083333333333307,46.25892857142857,12.975,20.234180507129427,26.967869962170234,20.01137992831541,0.4777777777777388,24.087455197132616,71.90555555555557,20.0,20.234139784946237,21.50863095238095,2,1,0.8660254037844386,0.5000000000000001,377.0,364.0,328.0,343.0,333.3333333333333,366.1666666666667,407.0833333333333,0,0.0,9.159267857142858
2019-03-01,271000,271.0,21.53010752688172,26.65833333333333,2.5247310797567337,27.343548387096774,32.96666666666666,15.601881720430109,10.733333333333334,11.741666666666667,14.149999999999999,0,0,0,8.366666666666667,38.36559139784946,1.8666666666666667,21.565448350111616,30.05177609657285,20.44336917562724,3.266666666666628,22.103491636798086,26.13055555555556,19.8,20.0,25.28844086021505,3,1,1.0,6.123233995736766e-17,259.0,377.0,364.0,350.0,302.3333333333333,322.0,400.5,0,0.0,8.260153081281072
2019-04-01,281000,281.0,25.940833333333334,29.691666666666663,2.3359533217630735,31.82111111111111,35.21666666666667,20.050833333333333,14.766666666666666,11.770277777777778,15.44166666666667,0,0,0,66.79166666666667,38.73055555555556,7.933333333333334,27.61439163315765,31.510528699806446,22.423646953405022,25.422222222222185,21.65908751493429,13.268055555555556,21.53010752688172,19.8,27.096666666666668,4,2,0.8660254037844387,-0.4999999999999998,271.0,259.0,377.0,388.0,270.3333333333333,313.3333333333333,391.5833333333333,0,0.0,10.047028865740742
2019-05-01,450000,450.0,31.778494623655913,34.59166666666666,1.4175810352980889,37.37849462365592,40.76666666666667,25.713172043010754,23.28333333333333,11.665322580645164,13.88333333333334,0,0,3,241.13333333333333,31.432795698924732,5.008333333333334,34.40184135968715,38.72016469447077,26.416478494623657,105.4305555555555,23.213929211469534,52.95416666666667,25.940833333333334,21.53010752688172,31.589247311827958,5,2,0.49999999999999994,-0.8660254037844387,281.0,271.0,259.0,412.0,334.0,333.6666666666667,394.75,0,0.0,9.988869291247543
2019-06-01,550000,550.0,35.14527777777778,37.175000000000004,1.0034010252619885,40.909444444444446,43.31666666666666,28.706944444444446,25.883333333333333,12.202500000000002,15.591666666666665,0,4,24,334.35833333333335,25.980555555555558,0.0,37.75476582078985,39.773137103580545,30.954868578255674,214.0944444444444,25.69911887694146,108.68055555555556,31.778494623655913,25.940833333333334,34.25222222222222,6,2,1.2246467991473532e-16,-1.0,450.0,281.0,271.0,468.0,427.0,364.6666666666667,401.5833333333333,1,35.14527777777778,9.130938418209878
2019-07-01,524000,524.0,34.98279569892473,36.78333333333334,0.6778435833851636,40.80295698924731,42.43333333333334,28.48548387096774,26.866666666666664,12.31747311827957,13.908333333333331,0,2,25,340.4666666666667,27.577956989247316,0.0,38.027307462758344,40.0941730792847,33.96885603345281,305.3194444444444,28.196251493428917,165.37083333333334,35.14527777777778,31.778494623655913,35.032526881720436,7,3,-0.4999999999999997,-0.8660254037844388,550.0,450.0,281.0,580.0,508.0,389.1666666666667,396.9166666666667,1,34.98279569892473,9.647540351485723
2019-08-01,562000,562.0,34.67795698924731,36.59166666666667,0.6667241238680879,40.03763440860215,42.63333333333333,28.806720430107525,26.6,11.230913978494625,13.441666666666663,0,2,18,331.01666666666665,31.8494623655914,0.125,38.8930599577591,40.70427544238988,34.93534348864994,335.2805555555555,30.675910991636798,220.35555555555558,34.98279569892473,35.14527777777778,34.49327956989247,8,3,-0.8660254037844385,-0.5000000000000004,524.0,550.0,450.0,490.0,545.3333333333334,439.6666666666667,402.9166666666667,1,34.67795698924731,11.044742860446295
2019-09-01,551000,551.0,33.01833333333333,35.199999999999996,1.1877757796326687,38.68527777777778,40.93333333333334,26.765555555555558,24.03333333333333,11.919722222222223,14.350000000000001,0,0,7,270.55,36.580555555555556,0.0,37.68176473156928,40.30305488660775,34.22636200716846,314.0111111111111,32.590615292712066,264.05277777777775,34.67795698924731,34.98279569892473,33.433888888888895,9,3,-1.0,-1.8369701987210297e-16,562.0,524.0,550.0,536.0,545.6666666666666,486.3333333333333,404.1666666666667,1,33.01833333333333,12.078289768518518
2019-10-01,546000,546.0,30.021236559139783,33.09166666666666,1.563254023559327,35.42177419354839,37.75833333333334,24.284408602150535,21.308333333333334,11.13736559139785,13.05,0,0,0,186.65833333333336,40.91666666666667,0.20833333333333334,34.15729698265865,38.53855167653843,32.57250896057348,262.7416666666666,33.27068249701314,284.03055555555557,33.01833333333333,34.67795698924731,28.60725806451613,10,4,-0.8660254037844386,0.5000000000000001,551.0,562.0,524.0,333.0,553.0,530.5,421.9166666666667,0,0.0,12.283689292114696
2019-11-01,342000,342.0,23.517222222222223,28.058333333333337,3.012598811063966,28.759722222222226,34.54166666666667,18.693611111111114,13.091666666666667,10.06611111111111,12.800000000000004,0,0,0,30.016666666666662,54.1,13.166666666666666,26.616254926196248,32.57102045403138,28.85226403823178,162.4083333333333,31.89380376344086,248.84444444444446,30.021236559139783,33.01833333333333,22.449444444444445,11,4,-0.5000000000000004,0.8660254037844384,546.0,551.0,562.0,328.0,479.6666666666667,512.5,423.0833333333333,0,0.0,12.722817222222222
2019-12-01,374000,374.0,19.788709677419355,23.208333333333336,1.729124896934725,25.1508064516129,28.450000000000003,15.046236559139786,11.675,10.104569892473119,13.374999999999998,0,0,0,0.0,54.556451612903224,14.208333333333332,21.278242719501552,26.290315817764956,24.442389486260453,72.22499999999997,29.334375746714457,193.11805555555557,23.517222222222223,30.021236559139783,20.234139784946237,12,4,-2.4492935982947064e-16,1.0,342.0,546.0,551.0,364.0,420.6666666666667,483.1666666666667,423.9166666666667,0,0.0,10.796017819979188
2020-01-01,292000,292.0,16.832258064516132,23.066666666666666,2.4985243255283427,22.423924731182794,29.48333333333333,11.496774193548388,7.2250000000000005,10.92715053763441,13.924999999999997,0,0,0,0.0,48.11021505376344,9.85,16.463523564743223,25.135047228921845,20.046063321385905,10.005555555555516,26.309286140979694,136.3736111111111,19.788709677419355,23.517222222222223,20.0,1,1,0.49999999999999994,0.8660254037844387,374.0,342.0,546.0,377.0,336.0,444.5,416.8333333333333,0,0.0,8.09803555324315
2020-02-01,318000,318.0,19.891379310344828,24.191666666666666,2.8997250166893065,25.780172413793103,29.933333333333337,14.053735632183908,6.8999999999999995,11.726436781609195,15.833333333333334,0,0,0,0.19166666666666643,40.88793103448276,1.8333333333333333,19.690623826052448,27.43773167931559,18.83744901742677,0.06388888888885091,23.84485652782928,81.23611111111111,16.832258064516132,19.788709677419355,19.8,2,1,0.8660254037844386,0.5000000000000001,292.0,374.0,342.0,259.0,328.0,403.8333333333333,421.75,0,0.0,8.133173454221165
2020-03-01,279000,279.0,22.883333333333333,28.058333333333337,1.8846701253751241,28.837634408602153,34.241666666666674,16.653225806451612,12.766666666666667,12.184408602150537,14.7,0,0,0,10.583333333333343,38.752688172043015,6.875,23.3417671436925,30.002554981395846,19.868990236064764,3.5916666666666317,22.15568986116261,37.90833333333334,19.891379310344828,16.832258064516132,21.53010752688172,3,1,1.0,6.123233995736766e-17,318.0,292.0,374.0,271.0,296.3333333333333,358.5,422.4166666666667,0,0.0,8.867906810035842
2020-04-01,355000,355.0,27.003611111111113,31.458333333333336,2.7338437665861903,32.64888888888889,37.0,21.09916666666667,16.125000000000004,11.549722222222222,15.508333333333333,0,0,0,96.04166666666666,41.50277777777777,5.658333333333333,29.512048150490887,34.82598350448161,23.259441251596424,35.60555555555552,21.652752286491165,22.805555555555554,22.883333333333333,19.891379310344828,25.940833333333334,4,2,0.8660254037844387,-0.4999999999999998,279.0,318.0,292.0,281.0,317.3333333333333,326.6666666666667,428.5833333333333,0,0.0,11.207248711419751
2020-05-01,407000,407.0,31.420967741935485,33.96666666666667,1.7069586216314014,37.17795698924731,39.88333333333333,24.93575268817204,20.65,12.24220430107527,14.966666666666665,0,0,0,230.05000000000004,29.693548387096776,0.2333333333333333,33.408024733828576,36.600997106369924,27.102637395459976,112.22499999999998,22.970043206443375,56.14444444444445,27.003611111111113,22.883333333333333,31.778494623655913,5,2,0.49999999999999994,-0.8660254037844387,355.0,279.0,318.0,450.0,347.0,337.5,425.0,0,0.0,9.330000260145683
2020-06-01,469000,469.0,33.801944444444445,35.208333333333336,0.9443106593320991,39.85444444444445,42.68333333333334,27.212222222222223,25.483333333333334,12.642222222222221,15.191666666666674,0,2,12,294.05833333333334,28.477777777777778,0.0,36.542033157650096,38.46642144343471,30.742174432497013,206.7166666666666,25.30558233428089,105.15416666666668,31.420967741935485,27.003611111111113,35.14527777777778,6,2,1.2246467991473532e-16,-1.0,407.0,355.0,279.0,550.0,410.3333333333333,353.3333333333333,418.25,1,33.801944444444445,9.62604262345679
2020-07-01,645000,645.0,35.55134408602151,37.35,0.7255779840869178,41.01236559139785,42.866666666666674,29.47284946236559,27.208333333333332,11.53951612903226,13.775000000000002,0,4,26,358.0916666666667,29.543010752688172,0.0,39.512263531470026,43.25633117476229,33.591418757467146,294.06666666666666,28.42543000453178,164.83611111111114,33.801944444444445,31.420967741935485,34.98279569892473,7,3,-0.4999999999999997,-0.8660254037844388,469.0,407.0,355.0,524.0,507.0,412.1666666666667,428.3333333333333,1,35.55134408602151,10.502937406058503
2020-08-01,702000,702.0,34.56317204301075,37.05833333333334,1.1103777597802376,40.031182795698925,42.45,28.473118279569896,26.058333333333334,11.558064516129033,13.958333333333336,0,1,13,327.45833333333337,30.486559139784948,0.04166666666666667,38.33023236310684,43.35697520629993,34.638820191158906,326.5361111111111,30.87072879330944,219.38055555555556,35.55134408602151,33.801944444444445,34.67795698924731,8,3,-0.8660254037844385,-0.5000000000000004,645.0,469.0,407.0,562.0,605.3333333333334,476.1666666666667,440.0,1,34.56317204301075,10.537121885478092
2020-09-01,615000,615.0,32.992777777777775,34.43333333333334,0.9673346219140012,38.80166666666666,41.516666666666666,26.57277777777778,24.225,12.22888888888889,16.074999999999996,0,0,4,269.78333333333336,35.080555555555556,0.0,37.24245329304875,39.43683946398332,34.36909796893668,318.4444444444444,32.55563620071684,262.5805555555556,34.56317204301075,35.55134408602151,33.01833333333333,9,3,-1.0,-1.8369701987210297e-16,702.0,645.0,469.0,551.0,654.0,532.1666666666666,445.3333333333333,1,32.992777777777775,11.57404973765432
2020-10-01,391000,391.0,28.043817204301074,31.5,1.8500399992446805,34.3505376344086,37.125,21.5002688172043,18.616666666666667,12.850268817204302,15.541666666666668,0,0,0,125.35833333333335,32.75806451612903,0.0,29.450756956046124,35.88035833839869,31.866589008363196,240.86666666666665,32.72900388291517,267.4666666666667,32.992777777777775,34.56317204301075,30.021236559139783,10,4,-0.8660254037844386,0.5000000000000001,615.0,702.0,645.0,546.0,569.3333333333334,538.1666666666666,432.4166666666667,0,0.0,9.186611732570238
2020-11-01,320000,320.0,24.199166666666667,27.208333333333332,2.0406728169839017,29.558055555555555,32.90833333333334,19.16111111111111,15.399999999999999,10.396944444444445,12.766666666666662,0,0,0,29.84166666666666,49.205555555555556,58.10000000000001,26.831956581993946,31.352781551738158,28.41192054958184,141.66111111111107,31.525370370370368,234.09861111111115,28.043817204301074,32.992777777777775,23.517222222222223,11,4,-0.5000000000000004,0.8660254037844384,391.0,615.0,702.0,342.0,442.0,523.6666666666666,430.5833333333333,0,0.0,11.907334398148148
2020-12-01,267000,267.0,19.728494623655916,22.90833333333333,1.3910274217042227,25.17284946236559,28.066666666666663,14.76747311827957,12.233333333333334,10.40537634408602,14.44166666666667,0,0,0,0.0,55.48924731182796,11.441666666666666,21.27769978431351,27.04530754283323,23.990492831541218,51.7333333333333,29.179795400238948,185.08888888888893,24.199166666666667,28.043817204301074,19.788709677419355,12,4,-2.4492935982947064e-16,1.0,320.0,391.0,615.0,374.0,326.0,490.0,421.6666666666667,0,0.0,10.947193172621114
2021-01-01,269000,269.0,18.926075268817204,22.383333333333333,1.4420499521570427,24.526075268817205,28.39166666666667,13.590860215053763,9.541666666666666,10.935215053763441,14.991666666666665,0,0,0,0.0,51.13978494623656,8.508333333333333,19.61538358890839,23.76892824893357,20.95124551971326,9.947222222222182,26.408917264038227,125.40694444444445,19.728494623655916,24.199166666666667,16.832258064516132,1,1,0.49999999999999994,0.8660254037844387,267.0,320.0,391.0,292.0,285.3333333333333,427.3333333333333,419.75,0,0.0,9.678754191235981
2021-02-01,335000,335.0,19.89910714285714,23.791666666666664,1.9724039291433622,25.488988095238092,30.25,14.319940476190478,12.183333333333335,11.169047619047618,13.75,0,0,0,0.0,48.56547619047619,18.14166666666667,20.552969622465525,24.401010934875647,19.517892345110088,0.0,23.964906447345964,70.83055555555556,18.926075268817204,19.728494623655916,19.891379310344828,2,1,0.8660254037844386,0.5000000000000001,269.0,267.0,320.0,318.0,290.3333333333333,366.1666666666667,421.1666666666667,0,0.0,9.66409614158163
2021-03-01,319000,319.0,25.074193548387097,31.424999999999997,2.8902609093736302,31.497043010752687,38.31666666666666,18.53548387096774,15.066666666666666,12.961559139784944,15.783333333333328,0,0,0,56.274999999999984,36.115591397849464,0.0,25.86792043715906,31.707686380486262,21.29979198668715,18.75833333333329,22.645142409114182,35.24583333333333,19.89910714285714,18.926075268817204,22.883333333333333,3,1,1.0,6.123233995736766e-17,335.0,269.0,267.0,279.0,307.6666666666667,316.8333333333333,424.5,0,0.0,9.055693288241415
2021-04-01,407000,407.0,28.200833333333332,30.675000000000004,2.0150349031516903,33.95305555555556,36.925000000000004,22.065555555555555,17.4,11.8875,15.525000000000006,0,0,0,127.70833333333334,32.07222222222222,1.3083333333333333,29.448984904240447,34.75120109060568,24.39137800819252,61.32777777777773,22.67131176395289,35.637499999999996,25.074193548387097,19.89910714285714,27.003611111111113,4,2,0.8660254037844387,-0.4999999999999998,319.0,335.0,269.0,355.0,353.6666666666667,319.5,428.8333333333333,0,0.0,9.044633935185185
2021-05-01,451000,451.0,32.303494623655915,34.975,1.8177886114950885,38.10725806451613,40.75833333333333,25.64032258064516,21.34166666666667,12.466935483870968,14.991666666666664,0,0,4,257.40833333333336,30.93548387096774,0.0,35.01880249566594,38.96129165738884,28.526173835125448,147.1305555555555,24.02203309011777,73.56527777777778,28.200833333333332,25.074193548387097,31.420967741935485,5,2,0.49999999999999994,-0.8660254037844387,407.0,319.0,335.0,407.0,392.3333333333333,341.3333333333333,432.5,0,0.0,9.993242369060006
2021-06-01,586000,586.0,34.085,35.36666666666667,0.8608819989359467,40.06277777777778,41.675,27.366666666666667,25.683333333333334,12.696111111111112,14.958333333333332,0,0,18,302.55,30.133333333333333,0.0,37.49389658061853,40.70448815696379,31.529775985663083,229.2222222222222,26.414783986175113,123.99027777777779,32.303494623655915,28.200833333333332,33.801944444444445,6,2,1.2246467991473532e-16,-1.0,451.0,407.0,319.0,469.0,481.3333333333333,394.5,442.25,1,34.085,10.270946666666667
2021-07-01,691000,691.0,35.56209677419355,36.94166666666667,0.8529628066814184,40.861559139784944,42.508333333333326,29.57983870967742,26.85833333333333,11.281720430107528,13.516666666666659,0,2,27,358.42500000000007,31.53494623655914,0.05833333333333333,40.167547559242024,44.02842853072572,33.983530465949826,306.1277777777778,29.18745423707117,183.7277777777778,34.085,32.303494623655915,35.55134408602151,7,3,-0.4999999999999997,-0.8660254037844388,586.0,451.0,407.0,645.0,576.0,464.8333333333333,446.0833333333333,1,35.56209677419355,11.21448809833507
2021-08-01,654000,654.0,35.28360215053764,36.68333333333333,0.9525489291189172,40.72016129032258,42.325,29.116397849462366,26.416666666666668,11.603763440860215,13.63333333333334,0,3,20,349.7916666666667,32.13709677419355,0.0,39.89131344838731,41.77467898125641,34.97689964157706,336.9222222222222,31.751536738351252,242.02638888888893,35.56209677419355,34.085,34.56317204301075,8,3,-0.8660254037844385,-0.5000000000000004,691.0,586.0,451.0,702.0,643.6666666666666,518.0,442.0833333333333,1,35.28360215053764,11.339125368539719
2021-09-01,543000,543.0,32.04083333333333,34.78333333333334,1.651900609178823,37.80416666666667,41.225,26.108055555555556,23.783333333333335,11.696111111111112,14.341666666666665,0,0,5,241.22500000000002,36.69722222222222,0.0,36.230296762833696,40.164654314122615,34.295510752688166,316.4805555555556,32.91264336917563,272.85138888888895,35.28360215053764,35.56209677419355,32.992777777777775,9,3,-1.0,-1.8369701987210297e-16,654.0,691.0,586.0,615.0,629.3333333333334,555.3333333333334,436.0833333333333,1,32.04083333333333,11.758095810185184
2021-10-01,328000,328.0,29.26317204301075,31.075,1.3375571538386466,35.567741935483866,38.69166666666666,23.061290322580643,20.425,12.506451612903227,15.466666666666661,0,0,0,163.15833333333333,40.346774193548384,0.0,32.78581347597824,36.17922939832195,32.19586917562724,251.39166666666665,33.08969982078853,278.75972222222225,32.04083333333333,35.28360215053764,28.043817204301074,10,4,-0.8660254037844386,0.5000000000000001,543.0,654.0,691.0,391.0,508.3333333333333,542.1666666666666,430.8333333333333,0,0.0,11.806745946063126
2021-11-01,339000,339.0,24.319444444444446,27.05,1.460689120769755,30.19722222222222,33.05,18.725277777777777,16.241666666666667,11.471944444444443,13.499999999999996,0,0,0,22.866666666666667,45.91111111111112,1.6666666666666667,26.50658608629753,29.8860090647415,28.54114994026284,142.41666666666666,31.759024790919955,239.66944444444448,29.26317204301075,32.04083333333333,24.199166666666667,11,4,-0.5000000000000004,0.8660254037844384,328.0,543.0,654.0,320.0,403.3333333333333,523.5,432.4166666666667,0,0.0,11.16532716049383
2021-12-01,318000,318.0,20.187096774193545,22.666666666666668,1.7212947843896533,25.65967741935484,29.591666666666665,15.100268817204302,12.541666666666668,10.559408602150537,13.341666666666665,0,0,0,0.0,50.27150537634409,8.850000000000001,21.227727113855448,24.58457447041859,24.589904420549583,62.00833333333332,29.44270758661888,189.2444444444445,24.319444444444446,29.26317204301075,19.728494623655916,12,4,-2.4492935982947064e-16,1.0,339.0,328.0,543.0,267.0,328.3333333333333,478.8333333333333,436.6666666666667,0,0.0,10.148357440166492
2022-01-01,402000,402.0,17.311559139784944,22.4,2.409634094532623,22.762096774193548,28.28333333333333,12.476881720430109,8.208333333333334,10.285215053763443,13.400000000000006,0,0,0,0.0,56.18817204301076,30.99166666666667,17.957150071330215,24.943263523199175,20.606033452807644,7.622222222222203,26.40095131421744,129.50694444444446,20.187096774193545,24.319444444444446,18.926075268817204,1,1,0.49999999999999994,0.8660254037844387,318.0,339.0,328.0,269.0,353.0,430.6666666666667,447.75,0,0.0,9.727048632789918
2022-02-01,291000,291.0,19.750892857142855,23.26666666666667,1.6893675297716206,25.573511904761904,29.241666666666664,13.841964285714285,10.066666666666666,11.731547619047618,13.758333333333333,0,0,0,0.0,41.601190476190474,2.0666666666666664,19.532977344938256,23.691174202294494,19.083182923707113,0.0,23.812166431984977,71.20833333333334,17.311559139784944,20.187096774193545,19.89910714285714,2,1,0.8660254037844386,0.5000000000000001,402.0,318.0,339.0,335.0,337.0,370.1666666666667,444.0833333333333,0,0.0,8.216606558248298
2022-03-01,335000,335.0,23.486290322580647,28.55833333333333,2.6498650807610113,29.836290322580645,36.900000000000006,17.187903225806455,11.641666666666666,12.648387096774194,15.70833333333334,0,0,0,25.4,35.983870967741936,1.1083333333333334,23.76504375814324,30.68797425837031,20.182914106502814,8.466666666666647,22.3864092635262,35.23750000000001,19.750892857142855,17.311559139784944,25.074193548387097,3,1,1.0,6.123233995736766e-17,291.0,402.0,318.0,319.0,342.6666666666667,335.5,445.4166666666667,0,0.0,8.45127640478668
2022-04-01,397000,397.0,28.858055555555556,31.21666666666666,1.3307994661215394,35.23222222222223,38.38333333333333,22.39638888888889,19.458333333333336,12.835833333333333,16.516666666666666,0,0,0,145.74166666666667,33.25555555555555,10.508333333333333,30.57066693637072,34.195674194897855,24.031746245093018,57.04722222222221,22.318889848950334,32.33472222222223,23.486290322580647,19.750892857142855,28.200833333333332,4,2,0.8660254037844387,-0.4999999999999998,335.0,291.0,402.0,407.0,341.0,347.0,444.5833333333333,0,0.0,9.596906697530864
2022-05-01,582000,582.0,31.201612903225808,33.358333333333334,1.4377796335985984,37.766666666666666,42.475,24.130913978494625,20.925,13.635752688172044,18.516666666666666,0,1,3,223.25,29.0,0.0,32.93245489392235,36.48510236682043,27.848652927120668,131.46388888888887,23.46591792541389,65.73194444444447,28.858055555555556,23.486290322580647,32.303494623655915,5,2,0.49999999999999994,-0.8660254037844387,397.0,335.0,291.0,451.0,438.0,387.5,455.5,0,0.0,9.048467741935484
2022-06-01,687000,687.0,34.25611111111111,36.175,0.7992061834264523,40.26083333333334,43.03333333333334,27.237777777777776,25.099999999999998,13.023055555555556,15.016666666666666,0,1,16,307.68333333333334,28.0,0.0,37.10943473062966,40.02912226276823,31.438593189964156,225.5583333333333,25.810753648233487,117.0125,31.201612903225808,28.858055555555556,34.085,6,2,1.2246467991473532e-16,-1.0,582.0,397.0,335.0,586.0,555.3333333333334,449.0,463.9166666666667,1,34.25611111111111,9.59171111111111
2022-07-01,661000,661.0,34.88333333333334,36.266666666666666,0.8100125742050966,40.21989247311828,41.66666666666667,28.92096774193548,27.099999999999998,11.298924731182797,13.483333333333327,0,0,18,337.3833333333334,30.18548387096774,0.2916666666666667,38.698487396517045,42.294713170120495,33.447019115890086,289.43888888888887,28.73938268049155,173.24305555555557,34.25611111111111,31.201612903225808,35.56209677419355,7,3,-0.4999999999999997,-0.8660254037844388,687.0,582.0,397.0,691.0,643.3333333333334,492.1666666666667,461.4166666666667,1,34.88333333333334,10.529702956989249
2022-08-01,664000,664.0,35.27876344086022,37.108333333333334,1.1015515965910134,40.66666666666667,42.63333333333333,29.581989247311828,26.85833333333333,11.084677419354838,13.466666666666665,0,6,23,349.64166666666665,34.52956989247312,0.2916666666666667,40.70032167930666,43.95708181240246,34.80606929510156,331.5694444444444,31.327361111111117,231.51666666666668,34.88333333333334,34.25611111111111,35.28360215053764,8,3,-0.8660254037844385,-0.5000000000000004,661.0,687.0,582.0,654.0,670.6666666666666,554.3333333333334,462.25,1,35.27876344086022,12.181605279512084
2022-09-01,522000,522.0,32.64611111111111,34.525,1.3858268161065745,38.651944444444446,40.425,26.239722222222223,22.15833333333333,12.412222222222223,16.266666666666662,0,0,2,259.3833333333333,34.36666666666667,0.0,36.54881026724493,39.56256473328616,34.26940262843489,315.46944444444443,32.85399790919953,270.51388888888886,35.27876344086022,34.88333333333334,32.04083333333333,9,3,-1.0,-1.8369701987210297e-16,664.0,661.0,687.0,543.0,615.6666666666666,585.5,460.5,1,32.64611111111111,11.219380185185184
2022-10-01,380000,380.0,28.737903225806452,30.666666666666664,0.957818312600158,34.711290322580645,37.175000000000004,22.440322580645162,20.983333333333334,12.270967741935484,13.741666666666664,0,0,0,146.875,38.016129032258064,0.0,31.516121336149126,33.62932867756942,32.220925925925926,251.9666666666666,32.833972520908006,270.7027777777778,32.64611111111111,35.27876344086022,29.26317204301075,10,4,-0.8660254037844386,0.5000000000000001,522.0,664.0,661.0,328.0,522.0,582.6666666666666,464.8333333333333,0,0.0,10.925038371488034
2022-11-01,429000,429.0,25.43861111111111,27.683333333333334,1.6534743453105831,30.956388888888892,33.86666666666667,20.080277777777777,16.441666666666666,10.876111111111111,13.025000000000002,0,0,0,49.35000000000001,45.272222222222226,5.791666666666667,28.038668231285893,31.026442424176047,28.94087514934289,151.8694444444444,31.873472222222222,241.71944444444446,28.737903225806452,32.64611111111111,24.319444444444446,11,4,-0.5000000000000004,0.8660254037844384,380.0,522.0,664.0,339.0,443.6666666666667,557.1666666666666,472.3333333333333,0,0.0,11.516624552469136
2022-12-01,477000,477.0,19.95994623655914,24.541666666666664,2.717593927773684,25.233064516129033,30.199999999999996,15.141397849462365,10.85,10.091666666666665,12.66666666666666,0,0,0,0.5416666666666643,57.41935483870968,40.858333333333334,21.808846011336573,27.004294075136386,24.712153524492237,65.58888888888886,29.49077807646356,190.52916666666667,25.43861111111111,28.737903225806452,20.187096774193545,12,4,-2.4492935982947064e-16,1.0,429.0,380.0,522.0,318.0,428.6666666666667,522.1666666666666,485.5833333333333,0,0.0,11.460872355185572
2023-01-01,312000,312.0,17.254569892473118,21.05,1.3342285860946823,21.766129032258064,27.833333333333332,13.508333333333333,11.233333333333334,8.257795698924731,12.141666666666664,0,0,0,0.0,73.0752688172043,77.60833333333333,19.69140543979742,23.632426579321585,20.884375746714458,16.63055555555552,26.552650836320186,134.29861111111111,19.95994623655914,25.43861111111111,17.311559139784944,1,1,0.49999999999999994,0.8660254037844387,477.0,429.0,380.0,402.0,406.0,464.0,478.0833333333333,0,0.0,12.608823332177131
2023-02-01,329000,329.0,20.022321428571427,24.066666666666663,2.3304513215239955,25.850297619047616,30.316666666666663,14.54702380952381,11.558333333333335,11.30327380952381,14.575000000000003,0,0,0,0.06666666666666288,44.767857142857146,0.11666666666666665,20.292223501753323,26.068330289236794,19.078945852534563,0.20277777777773784,24.009910500938727,76.03611111111111,17.254569892473118,19.95994623655914,19.750892857142855,2,1,0.8660254037844386,0.5000000000000001,312.0,477.0,429.0,291.0,372.6666666666667,408.1666666666667,481.25,0,0.0,8.96356425382653
2023-03-01,354000,354.0,23.574731182795702,27.46666666666667,1.849576382769558,29.486559139784944,33.93333333333334,17.85725806451613,14.291666666666666,11.629301075268815,14.199999999999996,0,0,0,17.866666666666667,43.642473118279575,5.2250000000000005,25.022511298552942,28.983111305025183,20.28387416794675,5.977777777777739,22.498013846219493,35.78333333333334,20.022321428571427,17.254569892473118,23.486290322580647,3,1,1.0,6.123233995736766e-17,329.0,312.0,477.0,335.0,331.6666666666667,380.1666666666667,482.8333333333333,0,0.0,10.288595719158286
2023-04-01,389000,389.0,25.85388888888889,29.975,2.5903249227885317,31.59916666666667,35.541666666666664,20.30111111111111,13.366666666666667,11.298055555555555,13.974999999999996,0,0,0,68.39166666666667,44.547222222222224,19.683333333333334,28.520588080251432,33.5261077519807,23.150313833418675,28.77499999999996,22.017344790066563,22.702777777777786,23.574731182795702,20.022321428571427,28.858055555555556,4,2,0.8660254037844387,-0.4999999999999998,354.0,329.0,312.0,397.0,357.3333333333333,381.6666666666667,482.1666666666667,0,0.0,11.517189336419754
2023-05-01,478000,478.0,31.35,34.43333333333334,1.8463101340541646,37.21182795698925,40.31666666666666,25.068548387096776,20.558333333333337,12.14327956989247,15.25833333333333,0,0,1,227.85,31.473118279569896,0.225,33.82816838032911,38.02038126328135,26.926206690561532,104.70277777777774,23.002576271548048,52.45277777777778,25.85388888888889,23.574731182795702,31.201612903225808,5,2,0.49999999999999994,-0.8660254037844387,389.0,354.0,329.0,582.0,407.0,389.8333333333333,473.5,0,0.0,9.866822580645163
2023-06-01,543000,543.0,34.30888888888889,35.91666666666667,0.6799465176924532,39.91027777777778,41.583333333333336,27.764444444444443,26.35833333333333,12.145833333333336,13.883333333333333,0,0,14,309.26666666666665,27.961111111111112,0.0,37.156746527635605,39.36663138930027,30.50425925925926,201.83611111111108,25.394066713603006,103.90694444444443,31.35,25.85388888888889,34.25611111111111,6,2,1.2246467991473532e-16,-1.0,478.0,389.0,354.0,687.0,470.0,400.8333333333333,461.5,1,34.30888888888889,9.593146543209876
2023-07-01,592000,592.0,35.88682795698925,37.11666666666667,0.8932741849032526,41.90779569892473,44.0,28.730645161290322,26.95833333333333,13.17715053763441,15.300000000000004,0,15,29,368.49166666666673,24.333333333333336,0.0,38.29216621919878,41.027842819123116,33.84857228195938,301.86944444444447,28.499443057689025,165.32222222222222,34.30888888888889,31.35,34.88333333333334,7,3,-0.4999999999999997,-0.8660254037844388,543.0,478.0,389.0,661.0,537.6666666666666,447.5,455.75,1,35.88682795698925,8.732461469534051
2023-08-01,726000,726.0,35.726612903225806,36.95,0.5209962827533173,41.48467741935484,43.725,29.323655913978495,27.166666666666664,12.161021505376345,15.024999999999995,0,8,30,363.52500000000003,32.586021505376344,0.0,40.76355914850109,43.134082373891864,35.307443249701315,347.09444444444443,31.11682497013142,225.89861111111114,35.88682795698925,34.30888888888889,35.27876344086022,8,3,-0.8660254037844385,-0.5000000000000004,592.0,543.0,478.0,664.0,620.3333333333334,513.6666666666666,460.9166666666667,1,35.726612903225806,11.64188176378772
2023-09-01,606000,606.0,33.86,35.85,1.0593960181969932,39.81777777777778,44.74166666666667,27.532500000000002,24.741666666666667,12.28527777777778,16.15,0,1,11,295.8,34.21666666666667,0.0,38.3510336713582,41.62547462969858,35.157813620071686,342.60555555555555,32.831036439665475,272.22083333333336,35.726612903225806,35.88682795698925,32.64611111111111,9,3,-1.0,-1.8369701987210297e-16,726.0,592.0,543.0,522.0,641.3333333333334,555.6666666666666,467.9166666666667,1,33.86,11.585763333333334
2023-10-01,531000,531.0,29.69005376344086,32.63333333333333,1.8400123532129056,35.50779569892474,40.300000000000004,23.62741935483871,21.416666666666668,11.880376344086022,14.858333333333338,0,0,1,176.39166666666668,41.95698924731183,5.341666666666667,33.83672199606982,37.94763380871101,33.092222222222226,278.5722222222222,33.4703972520908,290.22083333333336,33.86,35.726612903225806,28.737903225806452,10,4,-0.8660254037844386,0.5000000000000001,606.0,726.0,592.0,380.0,621.0,579.3333333333334,480.5,0,0.0,12.457052665047984
2023-11-01,501000,501.0,25.02027777777778,27.925,1.6168557824766645,30.073333333333334,32.708333333333336,20.365833333333335,16.541666666666668,9.707500000000001,12.50833333333334,0,0,0,39.19166666666668,55.72777777777778,27.675,29.263023218608208,33.322776264984746,29.52344384707288,170.46111111111108,32.415443548387096,258.77777777777777,29.69005376344086,33.86,25.43861111111111,11,4,-0.5000000000000004,0.8660254037844384,531.0,606.0,726.0,429.0,546.0,583.1666666666666,486.5,0,0.0,13.943244799382716
2023-12-01,303000,303.0,21.07177419354839,23.483333333333334,1.4260257474874054,26.629032258064516,29.64166666666667,16.091129032258063,12.825,10.537903225806453,13.433333333333332,0,0,0,0.0,49.94086021505377,15.383333333333335,22.42071898428023,25.61232132974284,25.26070191158901,71.86111111111109,30.209257765830348,207.23333333333335,25.02027777777778,29.69005376344086,19.95994623655914,12,4,-2.4492935982947064e-16,1.0,501.0,531.0,606.0,477.0,445.0,543.1666666666666,472.0,0,0.0,10.523425294831775
2024-01-01,308000,308.0,20.214247311827958,23.775,1.3928025862287492,25.802150537634407,29.874999999999996,15.09731182795699,11.991666666666667,10.70483870967742,13.941666666666665,0,0,0,0.0,50.71236559139785,5.458333333333334,21.32601930545387,25.549844951666586,22.102099761051377,13.063888888888854,27.597160991636798,145.81805555555556,21.07177419354839,25.02027777777778,17.254569892473118,1,1,0.49999999999999994,0.8660254037844387,303.0,501.0,531.0,312.0,370.6666666666667,495.8333333333333,471.6666666666667,0,0.0,10.251122998323506
2024-02-01,360000,360.0,19.859770114942528,25.758333333333333,2.515967922713364,25.49137931034483,32.4,14.62241379310345,10.183333333333334,10.86896551724138,13.175000000000004,0,0,0,2.6083333333333343,46.97701149425287,11.741666666666667,20.43499471760484,27.550937488810977,20.381930540106293,0.8694444444444068,24.952687193589586,85.6652777777778,20.214247311827958,21.07177419354839,20.022321428571427,2,1,0.8660254037844386,0.5000000000000001,308.0,303.0,501.0,329.0,323.6666666666667,434.8333333333333,474.25,0,0.0,9.329526489628748
2024-03-01,307000,307.0,23.17822580645161,27.416666666666668,2.1321868419051158,28.90241935483871,35.55,17.811827956989244,11.958333333333334,11.090591397849462,16.591666666666665,0,0,0,16.041666666666664,45.05107526881721,9.675,24.79755767254613,30.877744847565573,21.0840810777407,6.216666666666629,23.17239149466485,39.0388888888889,19.859770114942528,20.214247311827958,23.574731182795702,3,1,1.0,6.123233995736766e-17,360.0,308.0,303.0,354.0,325.0,385.0,470.3333333333333,0,0.0,10.44203995404093
2024-04-01,400000,400.0,26.790277777777778,30.100000000000005,2.013219105162061,32.74138888888889,36.233333333333334,20.996111111111112,17.8,11.745277777777778,14.433333333333334,0,0,0,85.31666666666668,40.955555555555556,24.491666666666667,29.084557866664095,32.684084487953434,23.276091233057304,34.655555555555516,22.68909549705434,23.859722222222235,23.17822580645161,19.859770114942528,25.85388888888889,4,2,0.8660254037844387,-0.4999999999999998,307.0,360.0,308.0,389.0,355.6666666666667,363.1666666666667,471.25,0,0.0,10.972107098765433
2024-05-01,398000,398.0,31.037903225806453,35.516666666666666,2.9519452458958377,37.071505376344085,42.23333333333333,24.741397849462366,18.1,12.33010752688172,14.341666666666665,0,1,4,218.175,36.84139784946236,4.375,34.417008685463934,37.27808832809928,27.00213560334528,106.51111111111108,23.692033071725785,53.690277777777794,26.790277777777778,23.17822580645161,31.35,5,2,0.49999999999999994,-0.8660254037844387,400.0,307.0,360.0,478.0,368.3333333333333,346.0,464.5833333333333,0,0.0,11.434797411550466
2024-06-01,558000,558.0,35.32861111111111,36.71666666666666,0.7660032216018902,41.395833333333336,43.150000000000006,28.6475,27.325,12.748333333333331,15.70833333333334,0,7,26,339.85833333333335,27.094444444444445,0.0,38.38019469977818,40.56843906748567,31.05226403823178,214.44999999999996,26.06817255798624,110.33333333333336,31.037903225806453,26.790277777777778,34.30888888888889,6,2,1.2246467991473532e-16,-1.0,398.0,400.0,307.0,543.0,452.0,388.5,465.8333333333333,1,35.32861111111111,9.572090910493827
2024-07-01,769000,769.0,36.11451612903225,37.983333333333334,0.8102124999662449,41.767473118279575,44.25,29.95403225806452,27.958333333333332,11.813440860215053,13.833333333333343,0,11,31,375.55,26.543010752688172,0.16666666666666669,39.38790907762274,41.81834665652014,34.160343488649936,311.1944444444444,28.718217360853618,172.92500000000004,35.32861111111111,31.037903225806453,35.88682795698925,7,3,-0.4999999999999997,-0.8660254037844388,558.0,398.0,400.0,592.0,575.0,465.3333333333333,480.5833333333333,1,36.11451612903225,9.585879899410335
2024-08-01,814000,814.0,35.803763440860216,36.97500000000001,0.6500421592797658,40.95833333333333,42.458333333333336,30.443817204301077,29.34166666666667,10.514516129032257,12.166666666666671,0,4,27,365.9166666666667,34.91935483870968,3.7083333333333335,41.66610552001183,43.50996121955374,35.74896356033452,360.4416666666666,31.375549581839902,233.47638888888892,36.11451612903225,35.32861111111111,35.726612903225806,8,3,-0.8660254037844385,-0.5000000000000004,769.0,558.0,398.0,726.0,713.6666666666666,541.0,487.9166666666667,1,35.803763440860216,12.502443201526189
2024-09-01,518000,518.0,33.26638888888889,35.491666666666674,1.1108669152155721,38.87861111111111,41.13333333333333,27.463055555555556,25.491666666666667,11.415555555555557,13.774999999999999,0,0,5,277.9916666666667,36.9,0.0,38.14874820218706,39.99841109240851,35.06155615292712,339.8194444444444,33.05691009557945,277.13472222222225,35.803763440860216,36.11451612903225,33.86,9,3,-1.0,-1.8369701987210297e-16,814.0,769.0,558.0,606.0,700.3333333333334,576.1666666666666,480.5833333333333,1,33.26638888888889,12.275297499999999
2024-10-01,362000,362.0,29.247580645161293,32.7,2.060598386603311,34.88225806451614,38.55,23.713709677419356,20.4,11.168548387096775,13.683333333333334,0,0,0,162.675,40.244623655913976,3.175,32.711674238247575,36.271095208350346,32.77257765830347,268.8611111111111,33.4664605734767,290.02777777777777,33.26638888888889,35.803763440860216,29.69005376344086,10,4,-0.8660254037844386,0.5000000000000001,518.0,814.0,769.0,531.0,564.6666666666666,569.8333333333334,466.5,0,0.0,11.7705787591051
2024-11-01,382000,382.0,25.243055555555554,27.46666666666667,2.1833838760199398,29.98138888888889,32.86666666666667,20.758333333333333,15.183333333333334,9.223055555555556,11.016666666666659,0,0,0,51.17500000000001,47.59166666666667,34.11666666666667,28.201020303917637,32.16753542786155,29.252341696535243,163.9472222222222,32.500652628434885,262.1944444444445,29.247580645161293,33.26638888888889,25.02027777777778,11,4,-0.5000000000000004,0.8660254037844384,362.0,518.0,814.0,501.0,420.6666666666667,567.1666666666666,456.5833333333333,0,0.0,12.01359085648148
2024-12-01,279000,279.0,20.964516129032262,24.375,1.8458574336800544,25.656182795698925,29.258333333333333,16.613978494623655,13.066666666666666,9.042204301075268,11.98333333333333,0,0,0,0.7166666666666686,42.91666666666667,3.125,21.404597860382104,27.56776883736893,25.151717443249705,71.5222222222222,30.106636798088413,205.67083333333335,25.243055555555554,29.247580645161293,21.07177419354839,12,4,-2.4492935982947064e-16,1.0,382.0,362.0,518.0,303.0,341.0,520.6666666666666,454.5833333333333,0,0.0,8.997271505376347
2025-01-01,275000,275.0,18.75188172043011,21.333333333333332,1.0637693064736646,23.480645161290322,27.441666666666666,14.36478494623656,11.691666666666666,9.115860215053765,11.708333333333334,0,0,0,0.0,46.91129032258065,24.708333333333332,18.841419032901072,21.897502713740263,21.653151135005974,17.29722222222219,27.21286439665472,143.0791666666667,20.964516129032262,25.243055555555554,20.214247311827958,1,1,0.49999999999999994,0.8660254037844387,279.0,382.0,362.0,308.0,312.0,438.3333333333333,451.8333333333333,0,0.0,8.7967496748179
2025-02-01,283000,283.0,19.57916666666667,23.808333333333334,1.7258437132700466,24.54434523809524,28.90833333333333,15.370833333333334,12.383333333333333,9.173511904761906,12.600000000000001,0,0,0,0.0,48.63392857142857,19.366666666666664,20.195617794199197,25.297571577573724,19.76518817204301,0.23888888888885162,24.508764934289132,82.09305555555558,18.75188172043011,20.964516129032262,19.859770114942528,2,1,0.8660254037844386,0.5000000000000001,275.0,279.0,382.0,360.0,279.0,349.8333333333333,445.4166666666667,0,0.0,9.52211793154762
2025-03-01,383000,383.0,24.01962365591398,29.0,2.7690021504505067,29.278225806451612,35.325,19.251612903225805,13.65,10.026612903225805,12.799999999999999,0,0,0,34.825,40.844086021505376,28.25,25.201168507739894,31.162209775541186,20.78355734767025,11.608333333333297,22.967637395459978,41.5652777777778,19.57916666666667,18.75188172043011,23.17822580645161,3,1,1.0,6.123233995736766e-17,283.0,275.0,279.0,307.0,313.6666666666667,327.3333333333333,451.75,0,0.0,9.81059574806336
2025-04-01,377000,377.0,30.179444444444446,34.241666666666674,2.602868051689962,35.51111111111111,39.85,24.961111111111112,19.71666666666667,10.550000000000002,12.825000000000003,0,0,0,185.38333333333335,30.633333333333333,0.20833333333333334,31.858969300002723,35.63389597194112,24.592744922341698,73.40277777777776,23.122948028673836,45.35000000000002,24.01962365591398,19.57916666666667,26.790277777777778,4,2,0.8660254037844387,-0.4999999999999998,383.0,283.0,275.0,400.0,347.6666666666667,329.8333333333333,449.8333333333333,0,0.0,9.244969814814816
2025-05-01,489000,489.0,33.174462365591395,35.175,1.7333145504910064,38.54677419354839,42.85833333333333,27.768817204301076,23.90833333333333,10.777956989247311,14.924999999999997,0,1,10,284.40833333333336,25.862903225806452,0.0,34.90042576061128,39.28630140114112,29.12451015531661,168.20555555555552,24.44484916367981,84.22222222222224,30.179444444444446,24.01962365591398,31.037903225806453,5,2,0.49999999999999994,-0.8660254037844387,377.0,383.0,283.0,398.0,416.3333333333333,347.6666666666667,457.4166666666667,0,0.0,8.579879097294485
2025-06-01,674000,674.0,34.94305555555556,36.66666666666667,1.4121023214186057,40.29194444444445,42.358333333333334,29.236944444444443,27.075000000000003,11.055000000000001,13.941666666666663,0,2,18,328.2916666666667,22.41388888888889,0.0,36.306509521768916,38.619218444231095,32.765654121863804,266.02777777777777,26.774605734767025,138.8180555555556,33.174462365591395,30.179444444444446,35.32861111111111,6,2,1.2246467991473532e-16,-1.0,489.0,377.0,383.0,558.0,513.3333333333334,413.5,467.0833333333333,1,34.94305555555556,7.8320976466049395
